ICD3St_Nr,ICD3St_Code,ICD3St_Title
1,A00,"Cholera"
2,A01,"Typhus abdominalis und Paratyphus"
3,A02,"Sonstige Salmonelleninfektionen"
4,A03,"Shigellose [Bakterielle Ruhr]"
5,A04,"Sonstige bakterielle Darminfektionen"
6,A05,"Sonstige bakteriell bedingte Lebensmittelvergiftungen, anderenorts nicht klassifiziert"
7,A06,"Amöbiasis"
8,A07,"Sonstige Darmkrankheiten durch Protozoen"
9,A08,"Virusbedingte und sonstige näher bezeichnete Darminfektionen"
10,A09,"Sonstige und nicht näher bezeichnete Gastroenteritis und Kolitis infektiösen und nicht näher bezeichneten Ursprungs"
11,A15,"Tuberkulose der Atmungsorgane, bakteriologisch, molekularbiologisch oder histologisch gesichert"
12,A16,"Tuberkulose der Atmungsorgane, weder bakteriologisch, molekularbiologisch noch histologisch gesichert"
13,A17,"Tuberkulose des Nervensystems"
14,A18,"Tuberkulose sonstiger Organe"
15,A19,"Miliartuberkulose"
16,A20,"Pest"
17,A21,"Tularämie"
18,A22,"Anthrax [Milzbrand]"
19,A23,"Brucellose"
20,A24,"Rotz [Malleus] und Melioidose [Pseudorotz]"
21,A25,"Rattenbisskrankheiten"
22,A26,"Erysipeloid"
23,A27,"Leptospirose"
24,A28,"Sonstige bakterielle Zoonosen, anderenorts nicht klassifiziert"
25,A30,"Lepra [Aussatz]"
26,A31,"Infektion durch sonstige Mykobakterien"
27,A32,"Listeriose"
28,A33,"Tetanus neonatorum"
29,A34,"Tetanus während der Schwangerschaft, der Geburt und des Wochenbettes"
30,A35,"Sonstiger Tetanus"
31,A36,"Diphtherie"
32,A37,"Keuchhusten"
33,A38,"Scharlach"
34,A39,"Meningokokkeninfektion"
35,A40,"Streptokokkensepsis"
36,A41,"Sonstige Sepsis"
37,A42,"Aktinomykose"
38,A43,"Nokardiose"
39,A44,"Bartonellose"
40,A46,"Erysipel [Wundrose]"
41,A48,"Sonstige bakterielle Krankheiten, anderenorts nicht klassifiziert"
42,A49,"Bakterielle Infektion nicht näher bezeichneter Lokalisation"
43,A50,"Syphilis connata"
44,A51,"Frühsyphilis"
45,A52,"Spätsyphilis"
46,A53,"Sonstige und nicht näher bezeichnete Syphilis"
47,A54,"Gonokokkeninfektion"
48,A55,"Lymphogranuloma inguinale (venereum) durch Chlamydien"
49,A56,"Sonstige durch Geschlechtsverkehr übertragene Chlamydienkrankheiten"
50,A57,"Ulcus molle (venereum)"
51,A58,"Granuloma venereum (inguinale)"
52,A59,"Trichomoniasis"
53,A60,"Infektionen des Anogenitalbereiches durch Herpesviren [Herpes simplex]"
54,A63,"Sonstige vorwiegend durch Geschlechtsverkehr übertragene Krankheiten, anderenorts nicht klassifiziert"
55,A64,"Durch Geschlechtsverkehr übertragene Krankheiten, nicht näher bezeichnet"
56,A65,"Nichtvenerische Syphilis"
57,A66,"Frambösie"
58,A67,"Pinta [Carate]"
59,A68,"Rückfallfieber"
60,A69,"Sonstige Spirochäteninfektionen"
61,A70,"Infektionen durch Chlamydia psittaci"
62,A71,"Trachom"
63,A74,"Sonstige Krankheiten durch Chlamydien"
64,A75,"Fleckfieber"
65,A77,"Zeckenbissfieber [Rickettsiosen, durch Zecken übertragen]"
66,A78,"Q-Fieber"
67,A79,"Sonstige Rickettsiosen"
68,A80,"Akute Poliomyelitis [Spinale Kinderlähmung]"
69,A81,"Atypische Virusinfektionen des Zentralnervensystems"
70,A82,"Tollwut [Rabies]"
71,A83,"Virusenzephalitis, durch Moskitos [Stechmücken] übertragen"
72,A84,"Virusenzephalitis, durch Zecken übertragen"
73,A85,"Sonstige Virusenzephalitis, anderenorts nicht klassifiziert"
74,A86,"Virusenzephalitis, nicht näher bezeichnet"
75,A87,"Virusmeningitis"
76,A88,"Sonstige Virusinfektionen des Zentralnervensystems, anderenorts nicht klassifiziert"
77,A89,"Virusinfektion des Zentralnervensystems, nicht näher bezeichnet"
78,A92,"Sonstige durch Moskitos [Stechmücken] übertragene Viruskrankheiten"
79,A93,"Sonstige durch Arthropoden übertragene Viruskrankheiten, anderenorts nicht klassifiziert"
80,A94,"Durch Arthropoden übertragene Viruskrankheit, nicht näher bezeichnet"
81,A95,"Gelbfieber"
82,A96,"Hämorrhagisches Fieber durch Arenaviren"
83,A97,"Dengue"
84,A98,"Sonstige hämorrhagische Viruskrankheiten, anderenorts nicht klassifiziert"
85,A99,"Nicht näher bezeichnete hämorrhagische Viruskrankheit"
86,B00,"Infektionen durch Herpesviren [Herpes simplex]"
87,B01,"Varizellen [Windpocken]"
88,B02,"Zoster [Herpes zoster]"
89,B03,"Pocken"
90,B04,"Affenpocken"
91,B05,"Masern"
92,B06,"Röteln [Rubeola] [Rubella]"
93,B07,"Viruswarzen"
94,B08,"Sonstige Virusinfektionen, die durch Haut- und Schleimhautläsionen gekennzeichnet sind, anderenorts nicht klassifiziert"
95,B09,"Nicht näher bezeichnete Virusinfektion, die durch Haut- und Schleimhautläsionen gekennzeichnet ist"
96,B15,"Akute Virushepatitis A"
97,B16,"Akute Virushepatitis B"
98,B17,"Sonstige akute Virushepatitis"
99,B18,"Chronische Virushepatitis"
100,B19,"Nicht näher bezeichnete Virushepatitis"
101,B20,"Infektiöse und parasitäre Krankheiten infolge HIV-Krankheit [Humane Immundefizienz-Viruskrankheit]"
102,B21,"Bösartige Neubildungen infolge HIV-Krankheit [Humane Immundefizienz-Viruskrankheit]"
103,B22,"Sonstige näher bezeichnete Krankheiten infolge HIV-Krankheit [Humane Immundefizienz-Viruskrankheit]"
104,B23,"Sonstige Krankheitszustände infolge HIV-Krankheit [Humane Immundefizienz-Viruskrankheit]"
105,B24,"Nicht näher bezeichnete HIV-Krankheit [Humane Immundefizienz-Viruskrankheit]"
106,B25,"Zytomegalie"
107,B26,"Mumps"
108,B27,"Infektiöse Mononukleose"
109,B30,"Viruskonjunktivitis"
110,B33,"Sonstige Viruskrankheiten, anderenorts nicht klassifiziert"
111,B34,"Viruskrankheit nicht näher bezeichneter Lokalisation"
112,B35,"Dermatophytose [Tinea]"
113,B36,"Sonstige oberflächliche Mykosen"
114,B37,"Kandidose"
115,B38,"Kokzidioidomykose"
116,B39,"Histoplasmose"
117,B40,"Blastomykose"
118,B41,"Parakokzidioidomykose"
119,B42,"Sporotrichose"
120,B43,"Chromomykose und chromomykotischer Abszess"
121,B44,"Aspergillose"
122,B45,"Kryptokokkose"
123,B46,"Zygomykose"
124,B47,"Myzetom"
125,B48,"Sonstige Mykosen, anderenorts nicht klassifiziert"
126,B49,"Nicht näher bezeichnete Mykose"
127,B50,"Malaria tropica durch Plasmodium falciparum"
128,B51,"Malaria tertiana durch Plasmodium vivax"
129,B52,"Malaria quartana durch Plasmodium malariae"
130,B53,"Sonstige parasitologisch bestätigte Malaria"
131,B54,"Malaria, nicht näher bezeichnet"
132,B55,"Leishmaniose"
133,B56,"Afrikanische Trypanosomiasis"
134,B57,"Chagas-Krankheit"
135,B58,"Toxoplasmose"
136,B60,"Sonstige Protozoenkrankheiten, anderenorts nicht klassifiziert"
137,B64,"Nicht näher bezeichnete Protozoenkrankheit"
138,B65,"Schistosomiasis [Bilharziose]"
139,B66,"Befall durch sonstige Trematoden [Egel]"
140,B67,"Echinokokkose"
141,B68,"Taeniasis"
142,B69,"Zystizerkose"
143,B70,"Diphyllobothriose und Sparganose"
144,B71,"Befall durch sonstige Zestoden"
145,B72,"Drakunkulose"
146,B73,"Onchozerkose"
147,B74,"Filariose"
148,B75,"Trichinellose"
149,B76,"Hakenwurm-Krankheit"
150,B77,"Askaridose"
151,B78,"Strongyloidiasis"
152,B79,"Trichuriasis"
153,B80,"Enterobiasis"
154,B81,"Sonstige intestinale Helminthosen, anderenorts nicht klassifiziert"
155,B82,"Nicht näher bezeichneter intestinaler Parasitismus"
156,B83,"Sonstige Helminthosen"
157,B85,"Pedikulose [Läusebefall] und Phthiriasis [Filzläusebefall]"
158,B86,"Skabies"
159,B87,"Myiasis"
160,B88,"Sonstiger Parasitenbefall der Haut"
161,B89,"Nicht näher bezeichnete parasitäre Krankheit"
162,B90,"Folgezustände der Tuberkulose"
163,B91,"Folgezustände der Poliomyelitis"
164,B92,"Folgezustände der Lepra"
165,B94,"Folgezustände sonstiger und nicht näher bezeichneter infektiöser und parasitärer Krankheiten"
166,B95,"Streptokokken und Staphylokokken als Ursache von Krankheiten, die in anderen Kapiteln klassifiziert sind"
167,B96,"Sonstige näher bezeichnete Bakterien als Ursache von Krankheiten, die in anderen Kapiteln klassifiziert sind"
168,B97,"Viren als Ursache von Krankheiten, die in anderen Kapiteln klassifiziert sind"
169,B98,"Sonstige näher bezeichnete infektiöse Erreger als Ursache von Krankheiten, die in anderen Kapiteln klassifiziert sind"
170,B99,"Sonstige und nicht näher bezeichnete Infektionskrankheiten"
171,C00,"Bösartige Neubildung der Lippe"
172,C01,"Bösartige Neubildung des Zungengrundes"
173,C02,"Bösartige Neubildung sonstiger und nicht näher bezeichneter Teile der Zunge"
174,C03,"Bösartige Neubildung des Zahnfleisches"
175,C04,"Bösartige Neubildung des Mundbodens"
176,C05,"Bösartige Neubildung des Gaumens"
177,C06,"Bösartige Neubildung sonstiger und nicht näher bezeichneter Teile des Mundes"
178,C07,"Bösartige Neubildung der Parotis"
179,C08,"Bösartige Neubildung sonstiger und nicht näher bezeichneter großer Speicheldrüsen"
180,C09,"Bösartige Neubildung der Tonsille"
181,C10,"Bösartige Neubildung des Oropharynx"
182,C11,"Bösartige Neubildung des Nasopharynx"
183,C12,"Bösartige Neubildung des Recessus piriformis"
184,C13,"Bösartige Neubildung des Hypopharynx"
185,C14,"Bösartige Neubildung sonstiger und ungenau bezeichneter Lokalisationen der Lippe, der Mundhöhle und des Pharynx"
186,C15,"Bösartige Neubildung des Ösophagus"
187,C16,"Bösartige Neubildung des Magens"
188,C17,"Bösartige Neubildung des Dünndarmes"
189,C18,"Bösartige Neubildung des Kolons"
190,C19,"Bösartige Neubildung am Rektosigmoid, Übergang"
191,C20,"Bösartige Neubildung des Rektums"
192,C21,"Bösartige Neubildung des Anus und des Analkanals"
193,C22,"Bösartige Neubildung der Leber und der intrahepatischen Gallengänge"
194,C23,"Bösartige Neubildung der Gallenblase"
195,C24,"Bösartige Neubildung sonstiger und nicht näher bezeichneter Teile der Gallenwege"
196,C25,"Bösartige Neubildung des Pankreas"
197,C26,"Bösartige Neubildung sonstiger und ungenau bezeichneter Verdauungsorgane"
198,C30,"Bösartige Neubildung der Nasenhöhle und des Mittelohres"
199,C31,"Bösartige Neubildung der Nasennebenhöhlen"
200,C32,"Bösartige Neubildung des Larynx"
201,C33,"Bösartige Neubildung der Trachea"
202,C34,"Bösartige Neubildung der Bronchien und der Lunge"
203,C37,"Bösartige Neubildung des Thymus"
204,C38,"Bösartige Neubildung des Herzens, des Mediastinums und der Pleura"
205,C39,"Bösartige Neubildung sonstiger und ungenau bezeichneter Lokalisationen des Atmungssystems und sonstiger intrathorakaler Organe"
206,C40,"Bösartige Neubildung des Knochens und des Gelenkknorpels der Extremitäten"
207,C41,"Bösartige Neubildung des Knochens und des Gelenkknorpels sonstiger und nicht näher bezeichneter Lokalisationen"
208,C43,"Bösartiges Melanom der Haut"
209,C44,"Sonstige bösartige Neubildungen der Haut"
210,C45,"Mesotheliom"
211,C46,"Kaposi-Sarkom [Sarcoma idiopathicum multiplex haemorrhagicum]"
212,C47,"Bösartige Neubildung der peripheren Nerven und des autonomen Nervensystems"
213,C48,"Bösartige Neubildung des Retroperitoneums und des Peritoneums"
214,C49,"Bösartige Neubildung sonstigen Bindegewebes und anderer Weichteilgewebe"
215,C50,"Bösartige Neubildung der Brustdrüse [Mamma]"
216,C51,"Bösartige Neubildung der Vulva"
217,C52,"Bösartige Neubildung der Vagina"
218,C53,"Bösartige Neubildung der Cervix uteri"
219,C54,"Bösartige Neubildung des Corpus uteri"
220,C55,"Bösartige Neubildung des Uterus, Teil nicht näher bezeichnet"
221,C56,"Bösartige Neubildung des Ovars"
222,C57,"Bösartige Neubildung sonstiger und nicht näher bezeichneter weiblicher Genitalorgane"
223,C58,"Bösartige Neubildung der Plazenta"
224,C60,"Bösartige Neubildung des Penis"
225,C61,"Bösartige Neubildung der Prostata"
226,C62,"Bösartige Neubildung des Hodens"
227,C63,"Bösartige Neubildung sonstiger und nicht näher bezeichneter männlicher Genitalorgane"
228,C64,"Bösartige Neubildung der Niere, ausgenommen Nierenbecken"
229,C65,"Bösartige Neubildung des Nierenbeckens"
230,C66,"Bösartige Neubildung des Ureters"
231,C67,"Bösartige Neubildung der Harnblase"
232,C68,"Bösartige Neubildung sonstiger und nicht näher bezeichneter Harnorgane"
233,C69,"Bösartige Neubildung des Auges und der Augenanhangsgebilde"
234,C70,"Bösartige Neubildung der Meningen"
235,C71,"Bösartige Neubildung des Gehirns"
236,C72,"Bösartige Neubildung des Rückenmarkes, der Hirnnerven und anderer Teile des Zentralnervensystems"
237,C73,"Bösartige Neubildung der Schilddrüse"
238,C74,"Bösartige Neubildung der Nebenniere"
239,C75,"Bösartige Neubildung sonstiger endokriner Drüsen und verwandter Strukturen"
240,C76,"Bösartige Neubildung sonstiger und ungenau bezeichneter Lokalisationen"
241,C77,"Sekundäre und nicht näher bezeichnete bösartige Neubildung der Lymphknoten"
242,C78,"Sekundäre bösartige Neubildung der Atmungs- und Verdauungsorgane"
243,C79,"Sekundäre bösartige Neubildung an sonstigen und nicht näher bezeichneten Lokalisationen"
244,C80,"Bösartige Neubildung ohne Angabe der Lokalisation"
245,C81,"Hodgkin-Lymphom [Lymphogranulomatose]"
246,C82,"Follikuläres Lymphom"
247,C83,"Nicht follikuläres Lymphom"
248,C84,"Reifzellige T/NK-Zell-Lymphome"
249,C85,"Sonstige und nicht näher bezeichnete Typen des Non-Hodgkin-Lymphoms"
250,C86,"Weitere spezifizierte T/NK-Zell-Lymphome"
251,C88,"Bösartige immunproliferative Krankheiten"
252,C90,"Plasmozytom und bösartige Plasmazellen-Neubildungen"
253,C91,"Lymphatische Leukämie"
254,C92,"Myeloische Leukämie"
255,C93,"Monozytenleukämie"
256,C94,"Sonstige Leukämien näher bezeichneten Zelltyps"
257,C95,"Leukämie nicht näher bezeichneten Zelltyps"
258,C96,"Sonstige und nicht näher bezeichnete bösartige Neubildungen des lymphatischen, blutbildenden und verwandten Gewebes"
259,C97,"Bösartige Neubildungen als Primärtumoren an mehreren Lokalisationen"
260,D00,"Carcinoma in situ der Mundhöhle, des Ösophagus und des Magens"
261,D01,"Carcinoma in situ sonstiger und nicht näher bezeichneter Verdauungsorgane"
262,D02,"Carcinoma in situ des Mittelohres und des Atmungssystems"
263,D03,"Melanoma in situ"
264,D04,"Carcinoma in situ der Haut"
265,D05,"Carcinoma in situ der Brustdrüse [Mamma]"
266,D06,"Carcinoma in situ der Cervix uteri"
267,D07,"Carcinoma in situ sonstiger und nicht näher bezeichneter Genitalorgane"
268,D09,"Carcinoma in situ sonstiger und nicht näher bezeichneter Lokalisationen"
269,D10,"Gutartige Neubildung des Mundes und des Pharynx"
270,D11,"Gutartige Neubildung der großen Speicheldrüsen"
271,D12,"Gutartige Neubildung des Kolons, des Rektums, des Analkanals und des Anus"
272,D13,"Gutartige Neubildung sonstiger und ungenau bezeichneter Teile des Verdauungssystems"
273,D14,"Gutartige Neubildung des Mittelohres und des Atmungssystems"
274,D15,"Gutartige Neubildung sonstiger und nicht näher bezeichneter intrathorakaler Organe"
275,D16,"Gutartige Neubildung des Knochens und des Gelenkknorpels"
276,D17,"Gutartige Neubildung des Fettgewebes"
277,D18,"Hämangiom und Lymphangiom"
278,D19,"Gutartige Neubildung des mesothelialen Gewebes"
279,D20,"Gutartige Neubildung des Weichteilgewebes des Retroperitoneums und des Peritoneums"
280,D21,"Sonstige gutartige Neubildungen des Bindegewebes und anderer Weichteilgewebe"
281,D22,"Melanozytennävus"
282,D23,"Sonstige gutartige Neubildungen der Haut"
283,D24,"Gutartige Neubildung der Brustdrüse [Mamma]"
284,D25,"Leiomyom des Uterus"
285,D26,"Sonstige gutartige Neubildungen des Uterus"
286,D27,"Gutartige Neubildung des Ovars"
287,D28,"Gutartige Neubildung sonstiger und nicht näher bezeichneter weiblicher Genitalorgane"
288,D29,"Gutartige Neubildung der männlichen Genitalorgane"
289,D30,"Gutartige Neubildung der Harnorgane"
290,D31,"Gutartige Neubildung des Auges und der Augenanhangsgebilde"
291,D32,"Gutartige Neubildung der Meningen"
292,D33,"Gutartige Neubildung des Gehirns und anderer Teile des Zentralnervensystems"
293,D34,"Gutartige Neubildung der Schilddrüse"
294,D35,"Gutartige Neubildung sonstiger und nicht näher bezeichneter endokriner Drüsen"
295,D36,"Gutartige Neubildung an sonstigen und nicht näher bezeichneten Lokalisationen"
296,D37,"Neubildung unsicheren oder unbekannten Verhaltens der Mundhöhle und der Verdauungsorgane"
297,D38,"Neubildung unsicheren oder unbekannten Verhaltens des Mittelohres, der Atmungsorgane und der intrathorakalen Organe"
298,D39,"Neubildung unsicheren oder unbekannten Verhaltens der weiblichen Genitalorgane"
299,D40,"Neubildung unsicheren oder unbekannten Verhaltens der männlichen Genitalorgane"
300,D41,"Neubildung unsicheren oder unbekannten Verhaltens der Harnorgane"
301,D42,"Neubildung unsicheren oder unbekannten Verhaltens der Meningen"
302,D43,"Neubildung unsicheren oder unbekannten Verhaltens des Gehirns und des Zentralnervensystems"
303,D44,"Neubildung unsicheren oder unbekannten Verhaltens der endokrinen Drüsen"
304,D45,"Polycythaemia vera"
305,D46,"Myelodysplastische Syndrome"
306,D47,"Sonstige Neubildungen unsicheren oder unbekannten Verhaltens des lymphatischen, blutbildenden und verwandten Gewebes"
307,D48,"Neubildung unsicheren oder unbekannten Verhaltens an sonstigen und nicht näher bezeichneten Lokalisationen"
308,D50,"Eisenmangelanämie"
309,D51,"Vitamin-B12-Mangelanämie"
310,D52,"Folsäure-Mangelanämie"
311,D53,"Sonstige alimentäre Anämien"
312,D55,"Anämie durch Enzymdefekte"
313,D56,"Thalassämie"
314,D57,"Sichelzellenkrankheiten"
315,D58,"Sonstige hereditäre hämolytische Anämien"
316,D59,"Erworbene hämolytische Anämien"
317,D60,"Erworbene isolierte aplastische Anämie [Erythroblastopenie] [pure red cell aplasia]"
318,D61,"Sonstige aplastische Anämien"
319,D62,"Akute Blutungsanämie"
320,D63,"Anämie bei chronischen, anderenorts klassifizierten Krankheiten"
321,D64,"Sonstige Anämien"
322,D65,"Disseminierte intravasale Gerinnung [Defibrinationssyndrom]"
323,D66,"Hereditärer Faktor-VIII-Mangel"
324,D67,"Hereditärer Faktor-IX-Mangel"
325,D68,"Sonstige Koagulopathien"
326,D69,"Purpura und sonstige hämorrhagische Diathesen"
327,D70,"Agranulozytose und Neutropenie"
328,D71,"Funktionelle Störungen der neutrophilen Granulozyten"
329,D72,"Sonstige Krankheiten der Leukozyten"
330,D73,"Krankheiten der Milz"
331,D74,"Methämoglobinämie"
332,D75,"Sonstige Krankheiten des Blutes und der blutbildenden Organe"
333,D76,"Sonstige näher bezeichnete Krankheiten mit Beteiligung des lymphoretikulären Gewebes und des retikulohistiozytären Systems"
334,D77,"Sonstige Krankheiten des Blutes und der blutbildenden Organe bei anderenorts klassifizierten Krankheiten"
335,D80,"Immundefekt mit vorherrschendem Antikörpermangel"
336,D81,"Kombinierte Immundefekte"
337,D82,"Immundefekt in Verbindung mit anderen schweren Defekten"
338,D83,"Variabler Immundefekt [common variable immunodeficiency]"
339,D84,"Sonstige Immundefekte"
340,D86,"Sarkoidose"
341,D89,"Sonstige Störungen mit Beteiligung des Immunsystems, anderenorts nicht klassifiziert"
342,D90,"Immunkompromittierung nach Bestrahlung, Chemotherapie und sonstigen immunsuppressiven Maßnahmen"
343,E00,"Angeborenes Jodmangelsyndrom"
344,E01,"Jodmangelbedingte Schilddrüsenkrankheiten und verwandte Zustände"
345,E02,"Subklinische Jodmangel-Hypothyreose"
346,E03,"Sonstige Hypothyreose"
347,E04,"Sonstige nichttoxische Struma"
348,E05,"Hyperthyreose [Thyreotoxikose]"
349,E06,"Thyreoiditis"
350,E07,"Sonstige Krankheiten der Schilddrüse"
351,E10,"Diabetes mellitus, Typ 1"
352,E11,"Diabetes mellitus, Typ 2"
353,E12,"Diabetes mellitus in Verbindung mit Fehl- oder Mangelernährung [Malnutrition]"
354,E13,"Sonstiger näher bezeichneter Diabetes mellitus"
355,E14,"Nicht näher bezeichneter Diabetes mellitus"
356,E15,"Hypoglykämisches Koma, nichtdiabetisch"
357,E16,"Sonstige Störungen der inneren Sekretion des Pankreas"
358,E20,"Hypoparathyreoidismus"
359,E21,"Hyperparathyreoidismus und sonstige Krankheiten der Nebenschilddrüse"
360,E22,"Überfunktion der Hypophyse"
361,E23,"Unterfunktion und andere Störungen der Hypophyse"
362,E24,"Cushing-Syndrom"
363,E25,"Adrenogenitale Störungen"
364,E26,"Hyperaldosteronismus"
365,E27,"Sonstige Krankheiten der Nebenniere"
366,E28,"Ovarielle Dysfunktion"
367,E29,"Testikuläre Dysfunktion"
368,E30,"Pubertätsstörungen, anderenorts nicht klassifiziert"
369,E31,"Polyglanduläre Dysfunktion"
370,E32,"Krankheiten des Thymus"
371,E34,"Sonstige endokrine Störungen"
372,E35,"Störungen der endokrinen Drüsen bei anderenorts klassifizierten Krankheiten"
373,E40,"Kwashiorkor"
374,E41,"Alimentärer Marasmus"
375,E42,"Kwashiorkor-Marasmus"
376,E43,"Nicht näher bezeichnete erhebliche Energie- und Eiweißmangelernährung"
377,E44,"Energie- und Eiweißmangelernährung mäßigen und leichten Grades"
378,E45,"Entwicklungsverzögerung durch Energie- und Eiweißmangelernährung"
379,E46,"Nicht näher bezeichnete Energie- und Eiweißmangelernährung"
380,E50,"Vitamin-A-Mangel"
381,E51,"Thiaminmangel [Vitamin-B1-Mangel]"
382,E52,"Niazinmangel [Pellagra]"
383,E53,"Mangel an sonstigen Vitaminen des Vitamin-B-Komplexes"
384,E54,"Ascorbinsäuremangel"
385,E55,"Vitamin-D-Mangel"
386,E56,"Sonstige Vitaminmangelzustände"
387,E58,"Alimentärer Kalziummangel"
388,E59,"Alimentärer Selenmangel"
389,E60,"Alimentärer Zinkmangel"
390,E61,"Mangel an sonstigen Spurenelementen"
391,E63,"Sonstige alimentäre Mangelzustände"
392,E64,"Folgen von Mangelernährung oder sonstigen alimentären Mangelzuständen"
393,E65,"Lokalisierte Adipositas"
394,E66,"Adipositas"
395,E67,"Sonstige Überernährung"
396,E68,"Folgen der Überernährung"
397,E70,"Störungen des Stoffwechsels aromatischer Aminosäuren"
398,E71,"Störungen des Stoffwechsels verzweigter Aminosäuren und des Fettsäurestoffwechsels"
399,E72,"Sonstige Störungen des Aminosäurestoffwechsels"
400,E73,"Laktoseintoleranz"
401,E74,"Sonstige Störungen des Kohlenhydratstoffwechsels"
402,E75,"Störungen des Sphingolipidstoffwechsels und sonstige Störungen der Lipidspeicherung"
403,E76,"Störungen des Glykosaminoglykan-Stoffwechsels"
404,E77,"Störungen des Glykoproteinstoffwechsels"
405,E78,"Störungen des Lipoproteinstoffwechsels und sonstige Lipidämien"
406,E79,"Störungen des Purin- und Pyrimidinstoffwechsels"
407,E80,"Störungen des Porphyrin- und Bilirubinstoffwechsels"
408,E83,"Störungen des Mineralstoffwechsels"
409,E84,"Zystische Fibrose"
410,E85,"Amyloidose"
411,E86,"Volumenmangel"
412,E87,"Sonstige Störungen des Wasser- und Elektrolythaushaltes sowie des Säure-Basen-Gleichgewichts"
413,E88,"Sonstige Stoffwechselstörungen"
414,E89,"Endokrine und Stoffwechselstörungen nach medizinischen Maßnahmen, anderenorts nicht klassifiziert"
415,E90,"Ernährungs- und Stoffwechselstörungen bei anderenorts klassifizierten Krankheiten"
416,F00,"Demenz bei Alzheimer-Krankheit"
417,F01,"Vaskuläre Demenz"
418,F02,"Demenz bei anderenorts klassifizierten Krankheiten"
419,F03,"Nicht näher bezeichnete Demenz"
420,F04,"Organisches amnestisches Syndrom, nicht durch Alkohol oder andere psychotrope Substanzen bedingt"
421,F05,"Delir, nicht durch Alkohol oder andere psychotrope Substanzen bedingt"
422,F06,"Andere psychische Störungen aufgrund einer Schädigung oder Funktionsstörung des Gehirns oder einer körperlichen Krankheit"
423,F07,"Persönlichkeits- und Verhaltensstörung aufgrund einer Krankheit, Schädigung oder Funktionsstörung des Gehirns"
424,F09,"Nicht näher bezeichnete organische oder symptomatische psychische Störung"
425,F10,"Psychische und Verhaltensstörungen durch Alkohol"
426,F11,"Psychische und Verhaltensstörungen durch Opioide"
427,F12,"Psychische und Verhaltensstörungen durch Cannabinoide"
428,F13,"Psychische und Verhaltensstörungen durch Sedativa oder Hypnotika"
429,F14,"Psychische und Verhaltensstörungen durch Kokain"
430,F15,"Psychische und Verhaltensstörungen durch andere Stimulanzien, einschließlich Koffein"
431,F16,"Psychische und Verhaltensstörungen durch Halluzinogene"
432,F17,"Psychische und Verhaltensstörungen durch Tabak"
433,F18,"Psychische und Verhaltensstörungen durch flüchtige Lösungsmittel"
434,F19,"Psychische und Verhaltensstörungen durch multiplen Substanzgebrauch und Konsum anderer psychotroper Substanzen"
435,F20,"Schizophrenie"
436,F21,"Schizotype Störung"
437,F22,"Anhaltende wahnhafte Störungen"
438,F23,"Akute vorübergehende psychotische Störungen"
439,F24,"Induzierte wahnhafte Störung"
440,F25,"Schizoaffektive Störungen"
441,F28,"Sonstige nichtorganische psychotische Störungen"
442,F29,"Nicht näher bezeichnete nichtorganische Psychose"
443,F30,"Manische Episode"
444,F31,"Bipolare affektive Störung"
445,F32,"Depressive Episode"
446,F33,"Rezidivierende depressive Störung"
447,F34,"Anhaltende affektive Störungen"
448,F38,"Andere affektive Störungen"
449,F39,"Nicht näher bezeichnete affektive Störung"
450,F40,"Phobische Störungen"
451,F41,"Andere Angststörungen"
452,F42,"Zwangsstörung"
453,F43,"Reaktionen auf schwere Belastungen und Anpassungsstörungen"
454,F44,"Dissoziative Störungen [Konversionsstörungen]"
455,F45,"Somatoforme Störungen"
456,F48,"Andere neurotische Störungen"
457,F50,"Essstörungen"
458,F51,"Nichtorganische Schlafstörungen"
459,F52,"Sexuelle Funktionsstörungen, nicht verursacht durch eine organische Störung oder Krankheit"
460,F53,"Psychische oder Verhaltensstörungen im Wochenbett, anderenorts nicht klassifiziert"
461,F54,"Psychologische Faktoren oder Verhaltensfaktoren bei anderenorts klassifizierten Krankheiten"
462,F55,"Schädlicher Gebrauch von nichtabhängigkeitserzeugenden Substanzen"
463,F59,"Nicht näher bezeichnete Verhaltensauffälligkeiten bei körperlichen Störungen und Faktoren"
464,F60,"Spezifische Persönlichkeitsstörungen"
465,F61,"Kombinierte und andere Persönlichkeitsstörungen"
466,F62,"Andauernde Persönlichkeitsänderungen, nicht Folge einer Schädigung oder Krankheit des Gehirns"
467,F63,"Abnorme Gewohnheiten und Störungen der Impulskontrolle"
468,F64,"Störungen der Geschlechtsidentität"
469,F65,"Störungen der Sexualpräferenz"
470,F66,"Psychische und Verhaltensstörungen in Verbindung mit der sexuellen Entwicklung und Orientierung"
471,F68,"Andere Persönlichkeits- und Verhaltensstörungen"
472,F69,"Nicht näher bezeichnete Persönlichkeits- und Verhaltensstörung"
473,F70,"Leichte Intelligenzminderung"
474,F71,"Mittelgradige Intelligenzminderung"
475,F72,"Schwere Intelligenzminderung"
476,F73,"Schwerste Intelligenzminderung"
477,F74,"Dissoziierte Intelligenz"
478,F78,"Andere Intelligenzminderung"
479,F79,"Nicht näher bezeichnete Intelligenzminderung"
480,F80,"Umschriebene Entwicklungsstörungen des Sprechens und der Sprache"
481,F81,"Umschriebene Entwicklungsstörungen schulischer Fertigkeiten"
482,F82,"Umschriebene Entwicklungsstörung der motorischen Funktionen"
483,F83,"Kombinierte umschriebene Entwicklungsstörungen"
484,F84,"Tief greifende Entwicklungsstörungen"
485,F88,"Andere Entwicklungsstörungen"
486,F89,"Nicht näher bezeichnete Entwicklungsstörung"
487,F90,"Hyperkinetische Störungen"
488,F91,"Störungen des Sozialverhaltens"
489,F92,"Kombinierte Störung des Sozialverhaltens und der Emotionen"
490,F93,"Emotionale Störungen des Kindesalters"
491,F94,"Störungen sozialer Funktionen mit Beginn in der Kindheit und Jugend"
492,F95,"Ticstörungen"
493,F98,"Andere Verhaltens- und emotionale Störungen mit Beginn in der Kindheit und Jugend"
494,F99,"Psychische Störung ohne nähere Angabe"
495,G00,"Bakterielle Meningitis, anderenorts nicht klassifiziert"
496,G01,"Meningitis bei anderenorts klassifizierten bakteriellen Krankheiten"
497,G02,"Meningitis bei sonstigen anderenorts klassifizierten infektiösen und parasitären Krankheiten"
498,G03,"Meningitis durch sonstige und nicht näher bezeichnete Ursachen"
499,G04,"Enzephalitis, Myelitis und Enzephalomyelitis"
500,G05,"Enzephalitis, Myelitis und Enzephalomyelitis bei anderenorts klassifizierten Krankheiten"
501,G06,"Intrakranielle und intraspinale Abszesse und Granulome"
502,G07,"Intrakranielle und intraspinale Abszesse und Granulome bei anderenorts klassifizierten Krankheiten"
503,G08,"Intrakranielle und intraspinale Phlebitis und Thrombophlebitis"
504,G09,"Folgen entzündlicher Krankheiten des Zentralnervensystems"
505,G10,"Chorea Huntington"
506,G11,"Hereditäre Ataxie"
507,G12,"Spinale Muskelatrophie und verwandte Syndrome"
508,G13,"Systematrophien, vorwiegend das Zentralnervensystem betreffend, bei anderenorts klassifizierten Krankheiten"
509,G14,"Postpolio-Syndrom"
510,G20,"Primäres Parkinson-Syndrom"
511,G21,"Sekundäres Parkinson-Syndrom"
512,G22,"Parkinson-Syndrom bei anderenorts klassifizierten Krankheiten"
513,G23,"Sonstige degenerative Krankheiten der Basalganglien"
514,G24,"Dystonie"
515,G25,"Sonstige extrapyramidale Krankheiten und Bewegungsstörungen"
516,G26,"Extrapyramidale Krankheiten und Bewegungsstörungen bei anderenorts klassifizierten Krankheiten"
517,G30,"Alzheimer-Krankheit"
518,G31,"Sonstige degenerative Krankheiten des Nervensystems, anderenorts nicht klassifiziert"
519,G32,"Sonstige degenerative Krankheiten des Nervensystems bei anderenorts klassifizierten Krankheiten"
520,G35,"Multiple Sklerose [Encephalomyelitis disseminata]"
521,G36,"Sonstige akute disseminierte Demyelinisation"
522,G37,"Sonstige demyelinisierende Krankheiten des Zentralnervensystems"
523,G40,"Epilepsie"
524,G41,"Status epilepticus"
525,G43,"Migräne"
526,G44,"Sonstige Kopfschmerzsyndrome"
527,G45,"Zerebrale transitorische Ischämie und verwandte Syndrome"
528,G46,"Zerebrale Gefäßsyndrome bei zerebrovaskulären Krankheiten"
529,G47,"Schlafstörungen"
530,G50,"Krankheiten des N. trigeminus [V. Hirnnerv]"
531,G51,"Krankheiten des N. facialis [VII. Hirnnerv]"
532,G52,"Krankheiten sonstiger Hirnnerven"
533,G53,"Krankheiten der Hirnnerven bei anderenorts klassifizierten Krankheiten"
534,G54,"Krankheiten von Nervenwurzeln und Nervenplexus"
535,G55,"Kompression von Nervenwurzeln und Nervenplexus bei anderenorts klassifizierten Krankheiten"
536,G56,"Mononeuropathien der oberen Extremität"
537,G57,"Mononeuropathien der unteren Extremität"
538,G58,"Sonstige Mononeuropathien"
539,G59,"Mononeuropathie bei anderenorts klassifizierten Krankheiten"
540,G60,"Hereditäre und idiopathische Neuropathie"
541,G61,"Polyneuritis"
542,G62,"Sonstige Polyneuropathien"
543,G63,"Polyneuropathie bei anderenorts klassifizierten Krankheiten"
544,G64,"Sonstige Krankheiten des peripheren Nervensystems"
545,G70,"Myasthenia gravis und sonstige neuromuskuläre Krankheiten"
546,G71,"Primäre Myopathien"
547,G72,"Sonstige Myopathien"
548,G73,"Krankheiten im Bereich der neuromuskulären Synapse und des Muskels bei anderenorts klassifizierten Krankheiten"
549,G80,"Infantile Zerebralparese"
550,G81,"Hemiparese und Hemiplegie"
551,G82,"Paraparese und Paraplegie, Tetraparese und Tetraplegie"
552,G83,"Sonstige Lähmungssyndrome"
553,G90,"Krankheiten des autonomen Nervensystems"
554,G91,"Hydrozephalus"
555,G92,"Toxische Enzephalopathie"
556,G93,"Sonstige Krankheiten des Gehirns"
557,G94,"Sonstige Krankheiten des Gehirns bei anderenorts klassifizierten Krankheiten"
558,G95,"Sonstige Krankheiten des Rückenmarkes"
559,G96,"Sonstige Krankheiten des Zentralnervensystems"
560,G97,"Krankheiten des Nervensystems nach medizinischen Maßnahmen, anderenorts nicht klassifiziert"
561,G98,"Sonstige Krankheiten des Nervensystems, anderenorts nicht klassifiziert"
562,G99,"Sonstige Krankheiten des Nervensystems bei anderenorts klassifizierten Krankheiten"
563,H00,"Hordeolum und Chalazion"
564,H01,"Sonstige Entzündung des Augenlides"
565,H02,"Sonstige Affektionen des Augenlides"
566,H03,"Affektionen des Augenlides bei anderenorts klassifizierten Krankheiten"
567,H04,"Affektionen des Tränenapparates"
568,H05,"Affektionen der Orbita"
569,H06,"Affektionen des Tränenapparates und der Orbita bei anderenorts klassifizierten Krankheiten"
570,H10,"Konjunktivitis"
571,H11,"Sonstige Affektionen der Konjunktiva"
572,H13,"Affektionen der Konjunktiva bei anderenorts klassifizierten Krankheiten"
573,H15,"Affektionen der Sklera"
574,H16,"Keratitis"
575,H17,"Hornhautnarben und -trübungen"
576,H18,"Sonstige Affektionen der Hornhaut"
577,H19,"Affektionen der Sklera und der Hornhaut bei anderenorts klassifizierten Krankheiten"
578,H20,"Iridozyklitis"
579,H21,"Sonstige Affektionen der Iris und des Ziliarkörpers"
580,H22,"Affektionen der Iris und des Ziliarkörpers bei anderenorts klassifizierten Krankheiten"
581,H25,"Cataracta senilis"
582,H26,"Sonstige Kataraktformen"
583,H27,"Sonstige Affektionen der Linse"
584,H28,"Katarakt und sonstige Affektionen der Linse bei anderenorts klassifizierten Krankheiten"
585,H30,"Chorioretinitis"
586,H31,"Sonstige Affektionen der Aderhaut"
587,H32,"Chorioretinale Affektionen bei anderenorts klassifizierten Krankheiten"
588,H33,"Netzhautablösung und Netzhautriss"
589,H34,"Netzhautgefäßverschluss"
590,H35,"Sonstige Affektionen der Netzhaut"
591,H36,"Affektionen der Netzhaut bei anderenorts klassifizierten Krankheiten"
592,H40,"Glaukom"
593,H42,"Glaukom bei anderenorts klassifizierten Krankheiten"
594,H43,"Affektionen des Glaskörpers"
595,H44,"Affektionen des Augapfels"
596,H45,"Affektionen des Glaskörpers und des Augapfels bei anderenorts klassifizierten Krankheiten"
597,H46,"Neuritis nervi optici"
598,H47,"Sonstige Affektionen des N. opticus [II. Hirnnerv] und der Sehbahn"
599,H48,"Affektionen des N. opticus [II. Hirnnerv] und der Sehbahn bei anderenorts klassifizierten Krankheiten"
600,H49,"Strabismus paralyticus"
601,H50,"Sonstiger Strabismus"
602,H51,"Sonstige Störungen der Blickbewegungen"
603,H52,"Akkommodationsstörungen und Refraktionsfehler"
604,H53,"Sehstörungen"
605,H54,"Blindheit und Sehbeeinträchtigung"
606,H55,"Nystagmus und sonstige abnorme Augenbewegungen"
607,H57,"Sonstige Affektionen des Auges und der Augenanhangsgebilde"
608,H58,"Sonstige Affektionen des Auges und der Augenanhangsgebilde bei anderenorts klassifizierten Krankheiten"
609,H59,"Affektionen des Auges und der Augenanhangsgebilde nach medizinischen Maßnahmen, anderenorts nicht klassifiziert"
610,H60,"Otitis externa"
611,H61,"Sonstige Krankheiten des äußeren Ohres"
612,H62,"Krankheiten des äußeren Ohres bei anderenorts klassifizierten Krankheiten"
613,H65,"Nichteitrige Otitis media"
614,H66,"Eitrige und nicht näher bezeichnete Otitis media"
615,H67,"Otitis media bei anderenorts klassifizierten Krankheiten"
616,H68,"Entzündung und Verschluss der Tuba auditiva"
617,H69,"Sonstige Krankheiten der Tuba auditiva"
618,H70,"Mastoiditis und verwandte Zustände"
619,H71,"Cholesteatom des Mittelohres"
620,H72,"Trommelfellperforation"
621,H73,"Sonstige Krankheiten des Trommelfells"
622,H74,"Sonstige Krankheiten des Mittelohres und des Warzenfortsatzes"
623,H75,"Sonstige Krankheiten des Mittelohres und des Warzenfortsatzes bei anderenorts klassifizierten Krankheiten"
624,H80,"Otosklerose"
625,H81,"Störungen der Vestibularfunktion"
626,H82,"Schwindelsyndrome bei anderenorts klassifizierten Krankheiten"
627,H83,"Sonstige Krankheiten des Innenohres"
628,H90,"Hörverlust durch Schallleitungs- oder Schallempfindungsstörung"
629,H91,"Sonstiger Hörverlust"
630,H92,"Otalgie und Ohrenfluss"
631,H93,"Sonstige Krankheiten des Ohres, anderenorts nicht klassifiziert"
632,H94,"Sonstige Krankheiten des Ohres bei anderenorts klassifizierten Krankheiten"
633,H95,"Krankheiten des Ohres und des Warzenfortsatzes nach medizinischen Maßnahmen, anderenorts nicht klassifiziert"
634,I00,"Rheumatisches Fieber ohne Angabe einer Herzbeteiligung"
635,I01,"Rheumatisches Fieber mit Herzbeteiligung"
636,I02,"Rheumatische Chorea"
637,I05,"Rheumatische Mitralklappenkrankheiten"
638,I06,"Rheumatische Aortenklappenkrankheiten"
639,I07,"Rheumatische Trikuspidalklappenkrankheiten"
640,I08,"Krankheiten mehrerer Herzklappen"
641,I09,"Sonstige rheumatische Herzkrankheiten"
642,I10,"Essentielle (primäre) Hypertonie"
643,I11,"Hypertensive Herzkrankheit"
644,I12,"Hypertensive Nierenkrankheit"
645,I13,"Hypertensive Herz- und Nierenkrankheit"
646,I15,"Sekundäre Hypertonie"
647,I20,"Angina pectoris"
648,I21,"Akuter Myokardinfarkt"
649,I22,"Rezidivierender Myokardinfarkt"
650,I23,"Bestimmte akute Komplikationen nach akutem Myokardinfarkt"
651,I24,"Sonstige akute ischämische Herzkrankheit"
652,I25,"Chronische ischämische Herzkrankheit"
653,I26,"Lungenembolie"
654,I27,"Sonstige pulmonale Herzkrankheiten"
655,I28,"Sonstige Krankheiten der Lungengefäße"
656,I30,"Akute Perikarditis"
657,I31,"Sonstige Krankheiten des Perikards"
658,I32,"Perikarditis bei anderenorts klassifizierten Krankheiten"
659,I33,"Akute und subakute Endokarditis"
660,I34,"Nichtrheumatische Mitralklappenkrankheiten"
661,I35,"Nichtrheumatische Aortenklappenkrankheiten"
662,I36,"Nichtrheumatische Trikuspidalklappenkrankheiten"
663,I37,"Pulmonalklappenkrankheiten"
664,I38,"Endokarditis, Herzklappe nicht näher bezeichnet"
665,I39,"Endokarditis und Herzklappenkrankheiten bei anderenorts klassifizierten Krankheiten"
666,I40,"Akute Myokarditis"
667,I41,"Myokarditis bei anderenorts klassifizierten Krankheiten"
668,I42,"Kardiomyopathie"
669,I43,"Kardiomyopathie bei anderenorts klassifizierten Krankheiten"
670,I44,"Atrioventrikulärer Block und Linksschenkelblock"
671,I45,"Sonstige kardiale Erregungsleitungsstörungen"
672,I46,"Herzstillstand"
673,I47,"Paroxysmale Tachykardie"
674,I48,"Vorhofflimmern und Vorhofflattern"
675,I49,"Sonstige kardiale Arrhythmien"
676,I50,"Herzinsuffizienz"
677,I51,"Komplikationen einer Herzkrankheit und ungenau beschriebene Herzkrankheit"
678,I52,"Sonstige Herzkrankheiten bei anderenorts klassifizierten Krankheiten"
679,I60,"Subarachnoidalblutung"
680,I61,"Intrazerebrale Blutung"
681,I62,"Sonstige nichttraumatische intrakranielle Blutung"
682,I63,"Hirninfarkt"
683,I64,"Schlaganfall, nicht als Blutung oder Infarkt bezeichnet"
684,I65,"Verschluss und Stenose präzerebraler Arterien ohne resultierenden Hirninfarkt"
685,I66,"Verschluss und Stenose zerebraler Arterien ohne resultierenden Hirninfarkt"
686,I67,"Sonstige zerebrovaskuläre Krankheiten"
687,I68,"Zerebrovaskuläre Störungen bei anderenorts klassifizierten Krankheiten"
688,I69,"Folgen einer zerebrovaskulären Krankheit"
689,I70,"Atherosklerose"
690,I71,"Aortenaneurysma und -dissektion"
691,I72,"Sonstiges Aneurysma und sonstige Dissektion"
692,I73,"Sonstige periphere Gefäßkrankheiten"
693,I74,"Arterielle Embolie und Thrombose"
694,I77,"Sonstige Krankheiten der Arterien und Arteriolen"
695,I78,"Krankheiten der Kapillaren"
696,I79,"Krankheiten der Arterien, Arteriolen und Kapillaren bei anderenorts klassifizierten Krankheiten"
697,I80,"Thrombose, Phlebitis und Thrombophlebitis"
698,I81,"Pfortaderthrombose"
699,I82,"Sonstige venöse Embolie und Thrombose"
700,I83,"Varizen der unteren Extremitäten"
701,I85,"Ösophagusvarizen"
702,I86,"Varizen sonstiger Lokalisationen"
703,I87,"Sonstige Venenkrankheiten"
704,I88,"Unspezifische Lymphadenitis"
705,I89,"Sonstige nichtinfektiöse Krankheiten der Lymphgefäße und Lymphknoten"
706,I95,"Hypotonie"
707,I97,"Kreislaufkomplikationen nach medizinischen Maßnahmen, anderenorts nicht klassifiziert"
708,I98,"Sonstige Störungen des Kreislaufsystems bei anderenorts klassifizierten Krankheiten"
709,I99,"Sonstige und nicht näher bezeichnete Krankheiten des Kreislaufsystems"
710,J00,"Akute Rhinopharyngitis [Erkältungsschnupfen]"
711,J01,"Akute Sinusitis"
712,J02,"Akute Pharyngitis"
713,J03,"Akute Tonsillitis"
714,J04,"Akute Laryngitis und Tracheitis"
715,J05,"Akute obstruktive Laryngitis [Krupp] und Epiglottitis"
716,J06,"Akute Infektionen an mehreren oder nicht näher bezeichneten Lokalisationen der oberen Atemwege"
717,J09,"Grippe durch zoonotische oder pandemische nachgewiesene Influenzaviren"
718,J10,"Grippe durch saisonale nachgewiesene Influenzaviren"
719,J11,"Grippe, Viren nicht nachgewiesen"
720,J12,"Viruspneumonie, anderenorts nicht klassifiziert"
721,J13,"Pneumonie durch Streptococcus pneumoniae"
722,J14,"Pneumonie durch Haemophilus influenzae"
723,J15,"Pneumonie durch Bakterien, anderenorts nicht klassifiziert"
724,J16,"Pneumonie durch sonstige Infektionserreger, anderenorts nicht klassifiziert"
725,J17,"Pneumonie bei anderenorts klassifizierten Krankheiten"
726,J18,"Pneumonie, Erreger nicht näher bezeichnet"
727,J20,"Akute Bronchitis"
728,J21,"Akute Bronchiolitis"
729,J22,"Akute Infektion der unteren Atemwege, nicht näher bezeichnet"
730,J30,"Vasomotorische und allergische Rhinopathie"
731,J31,"Chronische Rhinitis, Rhinopharyngitis und Pharyngitis"
732,J32,"Chronische Sinusitis"
733,J33,"Nasenpolyp"
734,J34,"Sonstige Krankheiten der Nase und der Nasennebenhöhlen"
735,J35,"Chronische Krankheiten der Gaumenmandeln und der Rachenmandel"
736,J36,"Peritonsillarabszess"
737,J37,"Chronische Laryngitis und Laryngotracheitis"
738,J38,"Krankheiten der Stimmlippen und des Kehlkopfes, anderenorts nicht klassifiziert"
739,J39,"Sonstige Krankheiten der oberen Atemwege"
740,J40,"Bronchitis, nicht als akut oder chronisch bezeichnet"
741,J41,"Einfache und schleimig-eitrige chronische Bronchitis"
742,J42,"Nicht näher bezeichnete chronische Bronchitis"
743,J43,"Emphysem"
744,J44,"Sonstige chronische obstruktive Lungenkrankheit"
745,J45,"Asthma bronchiale"
746,J46,"Status asthmaticus"
747,J47,"Bronchiektasen"
748,J60,"Kohlenbergarbeiter-Pneumokoniose"
749,J61,"Pneumokoniose durch Asbest und sonstige anorganische Fasern"
750,J62,"Pneumokoniose durch Quarzstaub"
751,J63,"Pneumokoniose durch sonstige anorganische Stäube"
752,J64,"Nicht näher bezeichnete Pneumokoniose"
753,J65,"Pneumokoniose in Verbindung mit Tuberkulose"
754,J66,"Krankheit der Atemwege durch spezifischen organischen Staub"
755,J67,"Allergische Alveolitis durch organischen Staub"
756,J68,"Krankheiten der Atmungsorgane durch Einatmen von chemischen Substanzen, Gasen, Rauch und Dämpfen"
757,J69,"Pneumonie durch feste und flüssige Substanzen"
758,J70,"Krankheiten der Atmungsorgane durch sonstige exogene Substanzen"
759,J80,"Atemnotsyndrom des Erwachsenen [ARDS]"
760,J81,"Lungenödem"
761,J82,"Eosinophiles Lungeninfiltrat, anderenorts nicht klassifiziert"
762,J84,"Sonstige interstitielle Lungenkrankheiten"
763,J85,"Abszess der Lunge und des Mediastinums"
764,J86,"Pyothorax"
765,J90,"Pleuraerguss, anderenorts nicht klassifiziert"
766,J91,"Pleuraerguss bei anderenorts klassifizierten Krankheiten"
767,J92,"Pleuraplaques"
768,J93,"Pneumothorax"
769,J94,"Sonstige Krankheitszustände der Pleura"
770,J95,"Krankheiten der Atemwege nach medizinischen Maßnahmen, anderenorts nicht klassifiziert"
771,J96,"Respiratorische Insuffizienz, anderenorts nicht klassifiziert"
772,J98,"Sonstige Krankheiten der Atemwege"
773,J99,"Krankheiten der Atemwege bei anderenorts klassifizierten Krankheiten"
774,K00,"Störungen der Zahnentwicklung und des Zahndurchbruchs"
775,K01,"Retinierte und impaktierte Zähne"
776,K02,"Zahnkaries"
777,K03,"Sonstige Krankheiten der Zahnhartsubstanzen"
778,K04,"Krankheiten der Pulpa und des periapikalen Gewebes"
779,K05,"Gingivitis und Krankheiten des Parodonts"
780,K06,"Sonstige Krankheiten der Gingiva und des zahnlosen Alveolarkammes"
781,K07,"Dentofaziale Anomalien [einschließlich fehlerhafter Okklusion]"
782,K08,"Sonstige Krankheiten der Zähne und des Zahnhalteapparates"
783,K09,"Zysten der Mundregion, anderenorts nicht klassifiziert"
784,K10,"Sonstige Krankheiten der Kiefer"
785,K11,"Krankheiten der Speicheldrüsen"
786,K12,"Stomatitis und verwandte Krankheiten"
787,K13,"Sonstige Krankheiten der Lippe und der Mundschleimhaut"
788,K14,"Krankheiten der Zunge"
789,K20,"Ösophagitis"
790,K21,"Gastroösophageale Refluxkrankheit"
791,K22,"Sonstige Krankheiten des Ösophagus"
792,K23,"Krankheiten des Ösophagus bei anderenorts klassifizierten Krankheiten"
793,K25,"Ulcus ventriculi"
794,K26,"Ulcus duodeni"
795,K27,"Ulcus pepticum, Lokalisation nicht näher bezeichnet"
796,K28,"Ulcus pepticum jejuni"
797,K29,"Gastritis und Duodenitis"
798,K30,"Funktionelle Dyspepsie"
799,K31,"Sonstige Krankheiten des Magens und des Duodenums"
800,K35,"Akute Appendizitis"
801,K36,"Sonstige Appendizitis"
802,K37,"Nicht näher bezeichnete Appendizitis"
803,K38,"Sonstige Krankheiten der Appendix"
804,K40,"Hernia inguinalis"
805,K41,"Hernia femoralis"
806,K42,"Hernia umbilicalis"
807,K43,"Hernia ventralis"
808,K44,"Hernia diaphragmatica"
809,K45,"Sonstige abdominale Hernien"
810,K46,"Nicht näher bezeichnete abdominale Hernie"
811,K50,"Crohn-Krankheit [Enteritis regionalis] [Morbus Crohn]"
812,K51,"Colitis ulcerosa"
813,K52,"Sonstige nichtinfektiöse Gastroenteritis und Kolitis"
814,K55,"Gefäßkrankheiten des Darmes"
815,K56,"Paralytischer Ileus und intestinale Obstruktion ohne Hernie"
816,K57,"Divertikulose des Darmes"
817,K58,"Reizdarmsyndrom"
818,K59,"Sonstige funktionelle Darmstörungen"
819,K60,"Fissur und Fistel in der Anal- und Rektalregion"
820,K61,"Abszess in der Anal- und Rektalregion"
821,K62,"Sonstige Krankheiten des Anus und des Rektums"
822,K63,"Sonstige Krankheiten des Darmes"
823,K64,"Hämorrhoiden und Perianalvenenthrombose"
824,K65,"Peritonitis"
825,K66,"Sonstige Krankheiten des Peritoneums"
826,K67,"Krankheiten des Peritoneums bei anderenorts klassifizierten Infektionskrankheiten"
827,K70,"Alkoholische Leberkrankheit"
828,K71,"Toxische Leberkrankheit"
829,K72,"Leberversagen, anderenorts nicht klassifiziert"
830,K73,"Chronische Hepatitis, anderenorts nicht klassifiziert"
831,K74,"Fibrose und Zirrhose der Leber"
832,K75,"Sonstige entzündliche Leberkrankheiten"
833,K76,"Sonstige Krankheiten der Leber"
834,K77,"Leberkrankheiten bei anderenorts klassifizierten Krankheiten"
835,K80,"Cholelithiasis"
836,K81,"Cholezystitis"
837,K82,"Sonstige Krankheiten der Gallenblase"
838,K83,"Sonstige Krankheiten der Gallenwege"
839,K85,"Akute Pankreatitis"
840,K86,"Sonstige Krankheiten des Pankreas"
841,K87,"Krankheiten der Gallenblase, der Gallenwege und des Pankreas bei anderenorts klassifizierten Krankheiten"
842,K90,"Intestinale Malabsorption"
843,K91,"Krankheiten des Verdauungssystems nach medizinischen Maßnahmen, anderenorts nicht klassifiziert"
844,K92,"Sonstige Krankheiten des Verdauungssystems"
845,K93,"Krankheiten sonstiger Verdauungsorgane bei anderenorts klassifizierten Krankheiten"
846,L00,"Staphylococcal scalded skin syndrome [SSS-Syndrom]"
847,L01,"Impetigo"
848,L02,"Hautabszess, Furunkel und Karbunkel"
849,L03,"Phlegmone"
850,L04,"Akute Lymphadenitis"
851,L05,"Pilonidalzyste"
852,L08,"Sonstige lokale Infektionen der Haut und der Unterhaut"
853,L10,"Pemphiguskrankheiten"
854,L11,"Sonstige akantholytische Dermatosen"
855,L12,"Pemphigoidkrankheiten"
856,L13,"Sonstige bullöse Dermatosen"
857,L14,"Bullöse Dermatosen bei anderenorts klassifizierten Krankheiten"
858,L20,"Atopisches [endogenes] Ekzem"
859,L21,"Seborrhoisches Ekzem"
860,L22,"Windeldermatitis"
861,L23,"Allergische Kontaktdermatitis"
862,L24,"Toxische Kontaktdermatitis"
863,L25,"Nicht näher bezeichnete Kontaktdermatitis"
864,L26,"Exfoliative Dermatitis"
865,L27,"Dermatitis durch oral, enteral oder parenteral aufgenommene Substanzen"
866,L28,"Lichen simplex chronicus und Prurigo"
867,L29,"Pruritus"
868,L30,"Sonstige Dermatitis"
869,L40,"Psoriasis"
870,L41,"Parapsoriasis"
871,L42,"Pityriasis rosea"
872,L43,"Lichen ruber planus"
873,L44,"Sonstige papulosquamöse Hautkrankheiten"
874,L45,"Papulosquamöse Hautkrankheiten bei anderenorts klassifizierten Krankheiten"
875,L50,"Urtikaria"
876,L51,"Erythema exsudativum multiforme"
877,L52,"Erythema nodosum"
878,L53,"Sonstige erythematöse Krankheiten"
879,L54,"Erythem bei anderenorts klassifizierten Krankheiten"
880,L55,"Dermatitis solaris acuta"
881,L56,"Sonstige akute Hautveränderungen durch Ultraviolettstrahlen"
882,L57,"Hautveränderungen durch chronische Exposition gegenüber nichtionisierender Strahlung"
883,L58,"Radiodermatitis"
884,L59,"Sonstige Krankheiten der Haut und der Unterhaut durch Strahleneinwirkung"
885,L60,"Krankheiten der Nägel"
886,L62,"Krankheiten der Nägel bei anderenorts klassifizierten Krankheiten"
887,L63,"Alopecia areata"
888,L64,"Alopecia androgenetica"
889,L65,"Sonstiger Haarausfall ohne Narbenbildung"
890,L66,"Narbige Alopezie [Haarausfall mit Narbenbildung]"
891,L67,"Anomalien der Haarfarbe und des Haarschaftes"
892,L68,"Hypertrichose"
893,L70,"Akne"
894,L71,"Rosazea"
895,L72,"Follikuläre Zysten der Haut und der Unterhaut"
896,L73,"Sonstige Krankheiten der Haarfollikel"
897,L74,"Krankheiten der ekkrinen Schweißdrüsen"
898,L75,"Krankheiten der apokrinen Schweißdrüsen"
899,L80,"Vitiligo"
900,L81,"Sonstige Störungen der Hautpigmentierung"
901,L82,"Seborrhoische Keratose"
902,L83,"Acanthosis nigricans"
903,L84,"Hühneraugen und Horn- (Haut-) Schwielen"
904,L85,"Sonstige Epidermisverdickung"
905,L86,"Keratom bei anderenorts klassifizierten Krankheiten"
906,L87,"Störungen der transepidermalen Elimination"
907,L88,"Pyoderma gangraenosum"
908,L89,"Dekubitalgeschwür und Druckzone"
909,L90,"Atrophische Hautkrankheiten"
910,L91,"Hypertrophe Hautkrankheiten"
911,L92,"Granulomatöse Krankheiten der Haut und der Unterhaut"
912,L93,"Lupus erythematodes"
913,L94,"Sonstige lokalisierte Krankheiten des Bindegewebes"
914,L95,"Anderenorts nicht klassifizierte Vaskulitis, die auf die Haut begrenzt ist"
915,L97,"Ulcus cruris, anderenorts nicht klassifiziert"
916,L98,"Sonstige Krankheiten der Haut und der Unterhaut, anderenorts nicht klassifiziert"
917,L99,"Sonstige Krankheiten der Haut und der Unterhaut bei anderenorts klassifizierten Krankheiten"
918,M00,"Eitrige Arthritis"
919,M01,"Direkte Gelenkinfektionen bei anderenorts klassifizierten infektiösen und parasitären Krankheiten"
920,M02,"Reaktive Arthritiden"
921,M03,"Postinfektiöse und reaktive Arthritiden bei anderenorts klassifizierten Krankheiten"
922,M05,"Seropositive chronische Polyarthritis"
923,M06,"Sonstige chronische Polyarthritis"
924,M07,"Arthritis psoriatica und Arthritiden bei gastrointestinalen Grundkrankheiten"
925,M08,"Juvenile Arthritis"
926,M09,"Juvenile Arthritis bei anderenorts klassifizierten Krankheiten"
927,M10,"Gicht"
928,M11,"Sonstige Kristall-Arthropathien"
929,M12,"Sonstige näher bezeichnete Arthropathien"
930,M13,"Sonstige Arthritis"
931,M14,"Arthropathien bei sonstigen anderenorts klassifizierten Krankheiten"
932,M15,"Polyarthrose"
933,M16,"Koxarthrose [Arthrose des Hüftgelenkes]"
934,M17,"Gonarthrose [Arthrose des Kniegelenkes]"
935,M18,"Rhizarthrose [Arthrose des Daumensattelgelenkes]"
936,M19,"Sonstige Arthrose"
937,M20,"Erworbene Deformitäten der Finger und Zehen"
938,M21,"Sonstige erworbene Deformitäten der Extremitäten"
939,M22,"Krankheiten der Patella"
940,M23,"Binnenschädigung des Kniegelenkes [internal derangement]"
941,M24,"Sonstige näher bezeichnete Gelenkschädigungen"
942,M25,"Sonstige Gelenkkrankheiten, anderenorts nicht klassifiziert"
943,M30,"Panarteriitis nodosa und verwandte Zustände"
944,M31,"Sonstige nekrotisierende Vaskulopathien"
945,M32,"Systemischer Lupus erythematodes"
946,M33,"Dermatomyositis-Polymyositis"
947,M34,"Systemische Sklerose"
948,M35,"Sonstige Krankheiten mit Systembeteiligung des Bindegewebes"
949,M36,"Systemkrankheiten des Bindegewebes bei anderenorts klassifizierten Krankheiten"
950,M40,"Kyphose und Lordose"
951,M41,"Skoliose"
952,M42,"Osteochondrose der Wirbelsäule"
953,M43,"Sonstige Deformitäten der Wirbelsäule und des Rückens"
954,M45,"Spondylitis ankylosans"
955,M46,"Sonstige entzündliche Spondylopathien"
956,M47,"Spondylose"
957,M48,"Sonstige Spondylopathien"
958,M49,"Spondylopathien bei anderenorts klassifizierten Krankheiten"
959,M50,"Zervikale Bandscheibenschäden"
960,M51,"Sonstige Bandscheibenschäden"
961,M53,"Sonstige Krankheiten der Wirbelsäule und des Rückens, anderenorts nicht klassifiziert"
962,M54,"Rückenschmerzen"
963,M60,"Myositis"
964,M61,"Kalzifikation und Ossifikation von Muskeln"
965,M62,"Sonstige Muskelkrankheiten"
966,M63,"Muskelkrankheiten bei anderenorts klassifizierten Krankheiten"
967,M65,"Synovitis und Tenosynovitis"
968,M66,"Spontanruptur der Synovialis und von Sehnen"
969,M67,"Sonstige Krankheiten der Synovialis und der Sehnen"
970,M68,"Krankheiten der Synovialis und der Sehnen bei anderenorts klassifizierten Krankheiten"
971,M70,"Krankheiten des Weichteilgewebes im Zusammenhang mit Beanspruchung, Überbeanspruchung und Druck"
972,M71,"Sonstige Bursopathien"
973,M72,"Fibromatosen"
974,M73,"Krankheiten des Weichteilgewebes bei anderenorts klassifizierten Krankheiten"
975,M75,"Schulterläsionen"
976,M76,"Enthesopathien der unteren Extremität mit Ausnahme des Fußes"
977,M77,"Sonstige Enthesopathien"
978,M79,"Sonstige Krankheiten des Weichteilgewebes, anderenorts nicht klassifiziert"
979,M80,"Osteoporose mit pathologischer Fraktur"
980,M81,"Osteoporose ohne pathologische Fraktur"
981,M82,"Osteoporose bei anderenorts klassifizierten Krankheiten"
982,M83,"Osteomalazie im Erwachsenenalter"
983,M84,"Veränderungen der Knochenkontinuität"
984,M85,"Sonstige Veränderungen der Knochendichte und -struktur"
985,M86,"Osteomyelitis"
986,M87,"Knochennekrose"
987,M88,"Osteodystrophia deformans [Paget-Krankheit]"
988,M89,"Sonstige Knochenkrankheiten"
989,M90,"Osteopathien bei anderenorts klassifizierten Krankheiten"
990,M91,"Juvenile Osteochondrose der Hüfte und des Beckens"
991,M92,"Sonstige juvenile Osteochondrosen"
992,M93,"Sonstige Osteochondropathien"
993,M94,"Sonstige Knorpelkrankheiten"
994,M95,"Sonstige erworbene Deformitäten des Muskel-Skelett-Systems und des Bindegewebes"
995,M96,"Krankheiten des Muskel-Skelett-Systems nach medizinischen Maßnahmen, anderenorts nicht klassifiziert"
996,M99,"Biomechanische Funktionsstörungen, anderenorts nicht klassifiziert"
997,N00,"Akutes nephritisches Syndrom"
998,N01,"Rapid-progressives nephritisches Syndrom"
999,N02,"Rezidivierende und persistierende Hämaturie"
1000,N03,"Chronisches nephritisches Syndrom"
1001,N04,"Nephrotisches Syndrom"
1002,N05,"Nicht näher bezeichnetes nephritisches Syndrom"
1003,N06,"Isolierte Proteinurie mit Angabe morphologischer Veränderungen"
1004,N07,"Hereditäre Nephropathie, anderenorts nicht klassifiziert"
1005,N08,"Glomeruläre Krankheiten bei anderenorts klassifizierten Krankheiten"
1006,N10,"Akute tubulointerstitielle Nephritis"
1007,N11,"Chronische tubulointerstitielle Nephritis"
1008,N12,"Tubulointerstitielle Nephritis, nicht als akut oder chronisch bezeichnet"
1009,N13,"Obstruktive Uropathie und Refluxuropathie"
1010,N14,"Arzneimittel- und schwermetallinduzierte tubulointerstitielle und tubuläre Krankheitszustände"
1011,N15,"Sonstige tubulointerstitielle Nierenkrankheiten"
1012,N16,"Tubulointerstitielle Nierenkrankheiten bei anderenorts klassifizierten Krankheiten"
1013,N17,"Akutes Nierenversagen"
1014,N18,"Chronische Nierenkrankheit"
1015,N19,"Nicht näher bezeichnete Niereninsuffizienz"
1016,N20,"Nieren- und Ureterstein"
1017,N21,"Stein in den unteren Harnwegen"
1018,N22,"Harnstein bei anderenorts klassifizierten Krankheiten"
1019,N23,"Nicht näher bezeichnete Nierenkolik"
1020,N25,"Krankheiten infolge Schädigung der tubulären Nierenfunktion"
1021,N26,"Schrumpfniere, nicht näher bezeichnet"
1022,N27,"Kleine Niere unbekannter Ursache"
1023,N28,"Sonstige Krankheiten der Niere und des Ureters, anderenorts nicht klassifiziert"
1024,N29,"Sonstige Krankheiten der Niere und des Ureters bei anderenorts klassifizierten Krankheiten"
1025,N30,"Zystitis"
1026,N31,"Neuromuskuläre Dysfunktion der Harnblase, anderenorts nicht klassifiziert"
1027,N32,"Sonstige Krankheiten der Harnblase"
1028,N33,"Krankheiten der Harnblase bei anderenorts klassifizierten Krankheiten"
1029,N34,"Urethritis und urethrales Syndrom"
1030,N35,"Harnröhrenstriktur"
1031,N36,"Sonstige Krankheiten der Harnröhre"
1032,N37,"Krankheiten der Harnröhre bei anderenorts klassifizierten Krankheiten"
1033,N39,"Sonstige Krankheiten des Harnsystems"
1034,N40,"Prostatahyperplasie"
1035,N41,"Entzündliche Krankheiten der Prostata"
1036,N42,"Sonstige Krankheiten der Prostata"
1037,N43,"Hydrozele und Spermatozele"
1038,N44,"Hodentorsion und Hydatidentorsion"
1039,N45,"Orchitis und Epididymitis"
1040,N46,"Sterilität beim Mann"
1041,N47,"Vorhauthypertrophie, Phimose und Paraphimose"
1042,N48,"Sonstige Krankheiten des Penis"
1043,N49,"Entzündliche Krankheiten der männlichen Genitalorgane, anderenorts nicht klassifiziert"
1044,N50,"Sonstige Krankheiten der männlichen Genitalorgane"
1045,N51,"Krankheiten der männlichen Genitalorgane bei anderenorts klassifizierten Krankheiten"
1046,N60,"Gutartige Mammadysplasie [Brustdrüsendysplasie]"
1047,N61,"Entzündliche Krankheiten der Mamma [Brustdrüse]"
1048,N62,"Hypertrophie der Mamma [Brustdrüse]"
1049,N63,"Nicht näher bezeichnete Knoten in der Mamma [Brustdrüse]"
1050,N64,"Sonstige Krankheiten der Mamma [Brustdrüse]"
1051,N70,"Salpingitis und Oophoritis"
1052,N71,"Entzündliche Krankheit des Uterus, ausgenommen der Zervix"
1053,N72,"Entzündliche Krankheit der Cervix uteri"
1054,N73,"Sonstige entzündliche Krankheiten im weiblichen Becken"
1055,N74,"Entzündung im weiblichen Becken bei anderenorts klassifizierten Krankheiten"
1056,N75,"Krankheiten der Bartholin-Drüsen"
1057,N76,"Sonstige entzündliche Krankheit der Vagina und Vulva"
1058,N77,"Vulvovaginale Ulzeration und Entzündung bei anderenorts klassifizierten Krankheiten"
1059,N80,"Endometriose"
1060,N81,"Genitalprolaps bei der Frau"
1061,N82,"Fisteln mit Beteiligung des weiblichen Genitaltraktes"
1062,N83,"Nichtentzündliche Krankheiten des Ovars, der Tuba uterina und des Lig. latum uteri"
1063,N84,"Polyp des weiblichen Genitaltraktes"
1064,N85,"Sonstige nichtentzündliche Krankheiten des Uterus, ausgenommen der Zervix"
1065,N86,"Erosion und Ektropium der Cervix uteri"
1066,N87,"Dysplasie der Cervix uteri"
1067,N88,"Sonstige nichtentzündliche Krankheiten der Cervix uteri"
1068,N89,"Sonstige nichtentzündliche Krankheiten der Vagina"
1069,N90,"Sonstige nichtentzündliche Krankheiten der Vulva und des Perineums"
1070,N91,"Ausgebliebene, zu schwache oder zu seltene Menstruation"
1071,N92,"Zu starke, zu häufige oder unregelmäßige Menstruation"
1072,N93,"Sonstige abnorme Uterus- oder Vaginalblutung"
1073,N94,"Schmerz und andere Zustände im Zusammenhang mit den weiblichen Genitalorganen und dem Menstruationszyklus"
1074,N95,"Klimakterische Störungen"
1075,N96,"Neigung zu habituellem Abort"
1076,N97,"Sterilität der Frau"
1077,N98,"Komplikationen im Zusammenhang mit künstlicher Befruchtung"
1078,N99,"Krankheiten des Urogenitalsystems nach medizinischen Maßnahmen, anderenorts nicht klassifiziert"
1079,O00,"Extrauteringravidität"
1080,O01,"Blasenmole"
1081,O02,"Sonstige abnorme Konzeptionsprodukte"
1082,O03,"Spontanabort"
1083,O04,"Ärztlich eingeleiteter Abort"
1084,O05,"Sonstiger Abort"
1085,O06,"Nicht näher bezeichneter Abort"
1086,O07,"Misslungene Aborteinleitung"
1087,O08,"Komplikationen nach Abort, Extrauteringravidität und Molenschwangerschaft"
1088,O09,"Schwangerschaftsdauer"
1089,O10,"Vorher bestehende Hypertonie, die Schwangerschaft, Geburt und Wochenbett kompliziert"
1090,O11,"Chronische Hypertonie mit aufgepfropfter Präeklampsie"
1091,O12,"Gestationsödeme und Gestationsproteinurie [schwangerschaftsinduziert] ohne Hypertonie"
1092,O13,"Gestationshypertonie [schwangerschaftsinduzierte Hypertonie]"
1093,O14,"Präeklampsie"
1094,O15,"Eklampsie"
1095,O16,"Nicht näher bezeichnete Hypertonie der Mutter"
1096,O20,"Blutung in der Frühschwangerschaft"
1097,O21,"Übermäßiges Erbrechen während der Schwangerschaft"
1098,O22,"Venenkrankheiten und Hämorrhoiden als Komplikationen in der Schwangerschaft"
1099,O23,"Infektionen des Urogenitaltraktes in der Schwangerschaft"
1100,O24,"Diabetes mellitus in der Schwangerschaft"
1101,O25,"Fehl- und Mangelernährung in der Schwangerschaft"
1102,O26,"Betreuung der Mutter bei sonstigen Zuständen, die vorwiegend mit der Schwangerschaft verbunden sind"
1103,O28,"Abnorme Befunde bei der Screeninguntersuchung der Mutter zur pränatalen Diagnostik"
1104,O29,"Komplikationen bei Anästhesie in der Schwangerschaft"
1105,O30,"Mehrlingsschwangerschaft"
1106,O31,"Komplikationen, die für eine Mehrlingsschwangerschaft spezifisch sind"
1107,O32,"Betreuung der Mutter bei festgestellter oder vermuteter Lage- und Einstellungsanomalie des Fetus"
1108,O33,"Betreuung der Mutter bei festgestelltem oder vermutetem Missverhältnis zwischen Fetus und Becken"
1109,O34,"Betreuung der Mutter bei festgestellter oder vermuteter Anomalie der Beckenorgane"
1110,O35,"Betreuung der Mutter bei festgestellter oder vermuteter Anomalie oder Schädigung des Fetus"
1111,O36,"Betreuung der Mutter wegen sonstiger festgestellter oder vermuteter Komplikationen beim Fetus"
1112,O40,"Polyhydramnion"
1113,O41,"Sonstige Veränderungen des Fruchtwassers und der Eihäute"
1114,O42,"Vorzeitiger Blasensprung"
1115,O43,"Pathologische Zustände der Plazenta"
1116,O44,"Placenta praevia"
1117,O45,"Vorzeitige Plazentalösung [Abruptio placentae]"
1118,O46,"Präpartale Blutung, anderenorts nicht klassifiziert"
1119,O47,"Frustrane Kontraktionen [Unnütze Wehen]"
1120,O48,"Übertragene Schwangerschaft"
1121,O60,"Vorzeitige Wehen und Entbindung"
1122,O61,"Misslungene Geburtseinleitung"
1123,O62,"Abnorme Wehentätigkeit"
1124,O63,"Protrahierte Geburt"
1125,O64,"Geburtshindernis durch Lage-, Haltungs- und Einstellungsanomalien des Fetus"
1126,O65,"Geburtshindernis durch Anomalie des mütterlichen Beckens"
1127,O66,"Sonstiges Geburtshindernis"
1128,O67,"Komplikationen bei Wehen und Entbindung durch intrapartale Blutung, anderenorts nicht klassifiziert"
1129,O68,"Komplikationen bei Wehen und Entbindung durch fetalen Distress [fetal distress] [fetaler Gefahrenzustand]"
1130,O69,"Komplikationen bei Wehen und Entbindung durch Nabelschnurkomplikationen"
1131,O70,"Dammriss unter der Geburt"
1132,O71,"Sonstige Verletzungen unter der Geburt"
1133,O72,"Postpartale Blutung"
1134,O73,"Retention der Plazenta und der Eihäute ohne Blutung"
1135,O74,"Komplikationen bei Anästhesie während der Wehentätigkeit und bei der Entbindung"
1136,O75,"Sonstige Komplikationen bei Wehentätigkeit und Entbindung, anderenorts nicht klassifiziert"
1137,O80,"Spontangeburt eines Einlings"
1138,O81,"Geburt eines Einlings durch Zangen- oder Vakuumextraktion"
1139,O82,"Geburt eines Einlings durch Schnittentbindung [Sectio caesarea]"
1140,O85,"Puerperalfieber"
1141,O86,"Sonstige Wochenbettinfektionen"
1142,O87,"Venenkrankheiten und Hämorrhoiden als Komplikationen im Wochenbett"
1143,O88,"Embolie während der Gestationsperiode"
1144,O89,"Komplikationen bei Anästhesie im Wochenbett"
1145,O90,"Wochenbettkomplikationen, anderenorts nicht klassifiziert"
1146,O91,"Infektionen der Mamma [Brustdrüse] im Zusammenhang mit der Gestation"
1147,O92,"Sonstige Krankheiten der Mamma [Brustdrüse] im Zusammenhang mit der Gestation und Laktationsstörungen"
1148,O94,"Folgen von Komplikationen während Schwangerschaft, Geburt und Wochenbett"
1149,O95,"Sterbefall während der Gestationsperiode nicht näher bezeichneter Ursache"
1150,O96,"Tod infolge jeder gestationsbedingten Ursache nach mehr als 42 Tagen bis unter einem Jahr nach der Entbindung"
1151,O97,"Tod an den Folgen gestationsbedingter Ursachen"
1152,O98,"Infektiöse und parasitäre Krankheiten der Mutter, die anderenorts klassifizierbar sind, die jedoch Schwangerschaft, Geburt und Wochenbett komplizieren"
1153,O99,"Sonstige Krankheiten der Mutter, die anderenorts klassifizierbar sind, die jedoch Schwangerschaft, Geburt und Wochenbett komplizieren"
1154,P00,"Schädigung des Fetus und Neugeborenen durch Zustände der Mutter, die zur vorliegenden Schwangerschaft keine Beziehung haben müssen"
1155,P01,"Schädigung des Fetus und Neugeborenen durch mütterliche Schwangerschaftskomplikationen"
1156,P02,"Schädigung des Fetus und Neugeborenen durch Komplikationen von Plazenta, Nabelschnur und Eihäuten"
1157,P03,"Schädigung des Fetus und Neugeborenen durch sonstige Komplikationen bei Wehen und Entbindung"
1158,P04,"Schädigung des Fetus und Neugeborenen durch Noxen, die transplazentar oder mit der Muttermilch übertragen werden"
1159,P05,"Intrauterine Mangelentwicklung und fetale Mangelernährung"
1160,P07,"Störungen im Zusammenhang mit kurzer Schwangerschaftsdauer und niedrigem Geburtsgewicht, anderenorts nicht klassifiziert"
1161,P08,"Störungen im Zusammenhang mit langer Schwangerschaftsdauer und hohem Geburtsgewicht"
1162,P10,"Intrakranielle Verletzung und Blutung durch Geburtsverletzung"
1163,P11,"Sonstige Geburtsverletzungen des Zentralnervensystems"
1164,P12,"Geburtsverletzung der behaarten Kopfhaut"
1165,P13,"Geburtsverletzung des Skeletts"
1166,P14,"Geburtsverletzung des peripheren Nervensystems"
1167,P15,"Sonstige Geburtsverletzungen"
1168,P20,"Intrauterine Hypoxie"
1169,P21,"Asphyxie unter der Geburt"
1170,P22,"Atemnot [Respiratory distress] beim Neugeborenen"
1171,P23,"Angeborene Pneumonie"
1172,P24,"Aspirationssyndrome beim Neugeborenen"
1173,P25,"Interstitielles Emphysem und verwandte Zustände mit Ursprung in der Perinatalperiode"
1174,P26,"Lungenblutung mit Ursprung in der Perinatalperiode"
1175,P27,"Chronische Atemwegskrankheit mit Ursprung in der Perinatalperiode"
1176,P28,"Sonstige Störungen der Atmung mit Ursprung in der Perinatalperiode"
1177,P29,"Kardiovaskuläre Krankheiten mit Ursprung in der Perinatalperiode"
1178,P35,"Angeborene Viruskrankheiten"
1179,P36,"Bakterielle Sepsis beim Neugeborenen"
1180,P37,"Sonstige angeborene infektiöse und parasitäre Krankheiten"
1181,P38,"Omphalitis beim Neugeborenen mit oder ohne leichte Blutung"
1182,P39,"Sonstige Infektionen, die für die Perinatalperiode spezifisch sind"
1183,P50,"Fetaler Blutverlust"
1184,P51,"Nabelblutung beim Neugeborenen"
1185,P52,"Intrakranielle nichttraumatische Blutung beim Fetus und Neugeborenen"
1186,P53,"Hämorrhagische Krankheit beim Fetus und Neugeborenen"
1187,P54,"Sonstige Blutungen beim Neugeborenen"
1188,P55,"Hämolytische Krankheit beim Fetus und Neugeborenen"
1189,P56,"Hydrops fetalis durch hämolytische Krankheit"
1190,P57,"Kernikterus"
1191,P58,"Neugeborenenikterus durch sonstige gesteigerte Hämolyse"
1192,P59,"Neugeborenenikterus durch sonstige und nicht näher bezeichnete Ursachen"
1193,P60,"Disseminierte intravasale Gerinnung beim Fetus und Neugeborenen"
1194,P61,"Sonstige hämatologische Krankheiten in der Perinatalperiode"
1195,P70,"Transitorische Störungen des Kohlenhydratstoffwechsels, die für den Fetus und das Neugeborene spezifisch sind"
1196,P71,"Transitorische Störungen des Kalzium- und Magnesiumstoffwechsels beim Neugeborenen"
1197,P72,"Sonstige transitorische endokrine Krankheiten beim Neugeborenen"
1198,P74,"Sonstige transitorische Störungen des Elektrolythaushaltes und des Stoffwechsels beim Neugeborenen"
1199,P75,"Mekoniumileus bei zystischer Fibrose"
1200,P76,"Sonstiger Darmverschluss beim Neugeborenen"
1201,P77,"Enterocolitis necroticans beim Fetus und Neugeborenen"
1202,P78,"Sonstige Krankheiten des Verdauungssystems in der Perinatalperiode"
1203,P80,"Hypothermie beim Neugeborenen"
1204,P81,"Sonstige Störungen der Temperaturregulation beim Neugeborenen"
1205,P83,"Sonstige Krankheitszustände mit Beteiligung der Haut, die für den Fetus und das Neugeborene spezifisch sind"
1206,P90,"Krämpfe beim Neugeborenen"
1207,P91,"Sonstige zerebrale Störungen beim Neugeborenen"
1208,P92,"Ernährungsprobleme beim Neugeborenen"
1209,P93,"Reaktionen und Intoxikationen durch Arzneimittel oder Drogen, die dem Fetus und Neugeborenen verabreicht wurden"
1210,P94,"Störungen des Muskeltonus beim Neugeborenen"
1211,P95,"Fetaltod nicht näher bezeichneter Ursache"
1212,P96,"Sonstige Zustände, die ihren Ursprung in der Perinatalperiode haben"
1213,Q00,"Anenzephalie und ähnliche Fehlbildungen"
1214,Q01,"Enzephalozele"
1215,Q02,"Mikrozephalie"
1216,Q03,"Angeborener Hydrozephalus"
1217,Q04,"Sonstige angeborene Fehlbildungen des Gehirns"
1218,Q05,"Spina bifida"
1219,Q06,"Sonstige angeborene Fehlbildungen des Rückenmarks"
1220,Q07,"Sonstige angeborene Fehlbildungen des Nervensystems"
1221,Q10,"Angeborene Fehlbildungen des Augenlides, des Tränenapparates und der Orbita"
1222,Q11,"Anophthalmus, Mikrophthalmus und Makrophthalmus"
1223,Q12,"Angeborene Fehlbildungen der Linse"
1224,Q13,"Angeborene Fehlbildungen des vorderen Augenabschnittes"
1225,Q14,"Angeborene Fehlbildung des hinteren Augenabschnittes"
1226,Q15,"Sonstige angeborene Fehlbildungen des Auges"
1227,Q16,"Angeborene Fehlbildungen des Ohres, die eine Beeinträchtigung des Hörvermögens verursachen"
1228,Q17,"Sonstige angeborene Fehlbildungen des Ohres"
1229,Q18,"Sonstige angeborene Fehlbildungen des Gesichtes und des Halses"
1230,Q20,"Angeborene Fehlbildungen der Herzhöhlen und verbindender Strukturen"
1231,Q21,"Angeborene Fehlbildungen der Herzsepten"
1232,Q22,"Angeborene Fehlbildungen der Pulmonal- und der Trikuspidalklappe"
1233,Q23,"Angeborene Fehlbildungen der Aorten- und der Mitralklappe"
1234,Q24,"Sonstige angeborene Fehlbildungen des Herzens"
1235,Q25,"Angeborene Fehlbildungen der großen Arterien"
1236,Q26,"Angeborene Fehlbildungen der großen Venen"
1237,Q27,"Sonstige angeborene Fehlbildungen des peripheren Gefäßsystems"
1238,Q28,"Sonstige angeborene Fehlbildungen des Kreislaufsystems"
1239,Q30,"Angeborene Fehlbildungen der Nase"
1240,Q31,"Angeborene Fehlbildungen des Kehlkopfes"
1241,Q32,"Angeborene Fehlbildungen der Trachea und der Bronchien"
1242,Q33,"Angeborene Fehlbildungen der Lunge"
1243,Q34,"Sonstige angeborene Fehlbildungen des Atmungssystems"
1244,Q35,"Gaumenspalte"
1245,Q36,"Lippenspalte"
1246,Q37,"Gaumenspalte mit Lippenspalte"
1247,Q38,"Sonstige angeborene Fehlbildungen der Zunge, des Mundes und des Rachens"
1248,Q39,"Angeborene Fehlbildungen des Ösophagus"
1249,Q40,"Sonstige angeborene Fehlbildungen des oberen Verdauungstraktes"
1250,Q41,"Angeborene(s) Fehlen, Atresie und Stenose des Dünndarmes"
1251,Q42,"Angeborene(s) Fehlen, Atresie und Stenose des Dickdarmes"
1252,Q43,"Sonstige angeborene Fehlbildungen des Darmes"
1253,Q44,"Angeborene Fehlbildungen der Gallenblase, der Gallengänge und der Leber"
1254,Q45,"Sonstige angeborene Fehlbildungen des Verdauungssystems"
1255,Q50,"Angeborene Fehlbildungen der Ovarien, der Tubae uterinae und der Ligg. lata uteri"
1256,Q51,"Angeborene Fehlbildungen des Uterus und der Cervix uteri"
1257,Q52,"Sonstige angeborene Fehlbildungen der weiblichen Genitalorgane"
1258,Q53,"Nondescensus testis"
1259,Q54,"Hypospadie"
1260,Q55,"Sonstige angeborene Fehlbildungen der männlichen Genitalorgane"
1261,Q56,"Unbestimmtes Geschlecht und Pseudohermaphroditismus"
1262,Q60,"Nierenagenesie und sonstige Reduktionsdefekte der Niere"
1263,Q61,"Zystische Nierenkrankheit"
1264,Q62,"Angeborene obstruktive Defekte des Nierenbeckens und angeborene Fehlbildungen des Ureters"
1265,Q63,"Sonstige angeborene Fehlbildungen der Niere"
1266,Q64,"Sonstige angeborene Fehlbildungen des Harnsystems"
1267,Q65,"Angeborene Deformitäten der Hüfte"
1268,Q66,"Angeborene Deformitäten der Füße"
1269,Q67,"Angeborene Muskel-Skelett-Deformitäten des Kopfes, des Gesichtes, der Wirbelsäule und des Thorax"
1270,Q68,"Sonstige angeborene Muskel-Skelett-Deformitäten"
1271,Q69,"Polydaktylie"
1272,Q70,"Syndaktylie"
1273,Q71,"Reduktionsdefekte der oberen Extremität"
1274,Q72,"Reduktionsdefekte der unteren Extremität"
1275,Q73,"Reduktionsdefekte nicht näher bezeichneter Extremität(en)"
1276,Q74,"Sonstige angeborene Fehlbildungen der Extremität(en)"
1277,Q75,"Sonstige angeborene Fehlbildungen der Schädel- und Gesichtsschädelknochen"
1278,Q76,"Angeborene Fehlbildungen der Wirbelsäule und des knöchernen Thorax"
1279,Q77,"Osteochondrodysplasie mit Wachstumsstörungen der Röhrenknochen und der Wirbelsäule"
1280,Q78,"Sonstige Osteochondrodysplasien"
1281,Q79,"Angeborene Fehlbildungen des Muskel-Skelett-Systems, anderenorts nicht klassifiziert"
1282,Q80,"Ichthyosis congenita"
1283,Q81,"Epidermolysis bullosa"
1284,Q82,"Sonstige angeborene Fehlbildungen der Haut"
1285,Q83,"Angeborene Fehlbildungen der Mamma [Brustdrüse]"
1286,Q84,"Sonstige angeborene Fehlbildungen des Integumentes"
1287,Q85,"Phakomatosen, anderenorts nicht klassifiziert"
1288,Q86,"Angeborene Fehlbildungssyndrome durch bekannte äußere Ursachen, anderenorts nicht klassifiziert"
1289,Q87,"Sonstige näher bezeichnete angeborene Fehlbildungssyndrome mit Beteiligung mehrerer Systeme"
1290,Q89,"Sonstige angeborene Fehlbildungen, anderenorts nicht klassifiziert"
1291,Q90,"Down-Syndrom"
1292,Q91,"Edwards-Syndrom und Patau-Syndrom"
1293,Q92,"Sonstige Trisomien und partielle Trisomien der Autosomen, anderenorts nicht klassifiziert"
1294,Q93,"Monosomien und Deletionen der Autosomen, anderenorts nicht klassifiziert"
1295,Q95,"Balancierte Chromosomen-Rearrangements und Struktur-Marker, anderenorts nicht klassifiziert"
1296,Q96,"Turner-Syndrom"
1297,Q97,"Sonstige Anomalien der Gonosomen bei weiblichem Phänotyp, anderenorts nicht klassifiziert"
1298,Q98,"Sonstige Anomalien der Gonosomen bei männlichem Phänotyp, anderenorts nicht klassifiziert"
1299,Q99,"Sonstige Chromosomenanomalien, anderenorts nicht klassifiziert"
1300,R00,"Störungen des Herzschlages"
1301,R01,"Herzgeräusche und andere Herz-Schallphänomene"
1302,R02,"Gangrän, anderenorts nicht klassifiziert"
1303,R03,"Abnormer Blutdruckwert ohne Diagnose"
1304,R04,"Blutung aus den Atemwegen"
1305,R05,"Husten"
1306,R06,"Störungen der Atmung"
1307,R07,"Hals- und Brustschmerzen"
1308,R09,"Sonstige Symptome, die das Kreislaufsystem und das Atmungssystem betreffen"
1309,R10,"Bauch- und Beckenschmerzen"
1310,R11,"Übelkeit und Erbrechen"
1311,R12,"Sodbrennen"
1312,R13,"Dysphagie"
1313,R14,"Flatulenz und verwandte Zustände"
1314,R15,"Stuhlinkontinenz"
1315,R16,"Hepatomegalie und Splenomegalie, anderenorts nicht klassifiziert"
1316,R17,"Hyperbilirubinämie, mit oder ohne Gelbsucht, anderenorts nicht klassifiziert"
1317,R18,"Aszites"
1318,R19,"Sonstige Symptome, die das Verdauungssystem und das Abdomen betreffen"
1319,R20,"Sensibilitätsstörungen der Haut"
1320,R21,"Hautausschlag und sonstige unspezifische Hauteruptionen"
1321,R22,"Lokalisierte Schwellung, Raumforderung und Knoten der Haut und der Unterhaut"
1322,R23,"Sonstige Hautveränderungen"
1323,R25,"Abnorme unwillkürliche Bewegungen"
1324,R26,"Störungen des Ganges und der Mobilität"
1325,R27,"Sonstige Koordinationsstörungen"
1326,R29,"Sonstige Symptome, die das Nervensystem und das Muskel-Skelett-System betreffen"
1327,R30,"Schmerzen beim Wasserlassen"
1328,R31,"Nicht näher bezeichnete Hämaturie"
1329,R32,"Nicht näher bezeichnete Harninkontinenz"
1330,R33,"Harnverhaltung"
1331,R34,"Anurie und Oligurie"
1332,R35,"Polyurie"
1333,R36,"Ausfluss aus der Harnröhre"
1334,R39,"Sonstige Symptome, die das Harnsystem betreffen"
1335,R40,"Somnolenz, Sopor und Koma"
1336,R41,"Sonstige Symptome, die das Erkennungsvermögen und das Bewusstsein betreffen"
1337,R42,"Schwindel und Taumel"
1338,R43,"Störungen des Geruchs- und Geschmackssinnes"
1339,R44,"Sonstige Symptome, die die Sinneswahrnehmungen und das Wahrnehmungsvermögen betreffen"
1340,R45,"Symptome, die die Stimmung betreffen"
1341,R46,"Symptome, die das äußere Erscheinungsbild und das Verhalten betreffen"
1342,R47,"Sprech- und Sprachstörungen, anderenorts nicht klassifiziert"
1343,R48,"Dyslexie und sonstige Werkzeugstörungen, anderenorts nicht klassifiziert"
1344,R49,"Störungen der Stimme"
1345,R50,"Fieber sonstiger und unbekannter Ursache"
1346,R51,"Kopfschmerz"
1347,R52,"Schmerz, anderenorts nicht klassifiziert"
1348,R53,"Unwohlsein und Ermüdung"
1349,R54,"Senilität"
1350,R55,"Synkope und Kollaps"
1351,R56,"Krämpfe, anderenorts nicht klassifiziert"
1352,R57,"Schock, anderenorts nicht klassifiziert"
1353,R58,"Blutung, anderenorts nicht klassifiziert"
1354,R59,"Lymphknotenvergrößerung"
1355,R60,"Ödem, anderenorts nicht klassifiziert"
1356,R61,"Hyperhidrose"
1357,R62,"Ausbleiben der erwarteten normalen physiologischen Entwicklung"
1358,R63,"Symptome, die die Nahrungs- und Flüssigkeitsaufnahme betreffen"
1359,R64,"Kachexie"
1360,R65,"Systemisches inflammatorisches Response-Syndrom [SIRS]"
1361,R68,"Sonstige Allgemeinsymptome"
1362,R69,"Unbekannte und nicht näher bezeichnete Krankheitsursachen"
1363,R70,"Beschleunigte Blutkörperchensenkungsreaktion und Veränderungen der Plasmaviskosität"
1364,R71,"Veränderung der Erythrozyten"
1365,R72,"Veränderung der Leukozyten, anderenorts nicht klassifiziert"
1366,R73,"Erhöhter Blutglukosewert"
1367,R74,"Abnorme Serumenzymwerte"
1368,R75,"Laborhinweis auf Humanes Immundefizienz-Virus [HIV]"
1369,R76,"Sonstige abnorme immunologische Serumbefunde"
1370,R77,"Sonstige Veränderungen der Plasmaproteine"
1371,R78,"Nachweis von Drogen und anderen Substanzen, die normalerweise nicht im Blut vorhanden sind"
1372,R79,"Sonstige abnorme Befunde der Blutchemie"
1373,R80,"Isolierte Proteinurie"
1374,R81,"Glukosurie"
1375,R82,"Sonstige abnorme Urinbefunde"
1376,R83,"Abnorme Liquorbefunde"
1377,R84,"Abnorme Befunde in Untersuchungsmaterialien aus Atemwegen und Thorax"
1378,R85,"Abnorme Befunde in Untersuchungsmaterialien aus Verdauungsorganen und Bauchhöhle"
1379,R86,"Abnorme Befunde in Untersuchungsmaterialien aus den männlichen Genitalorganen"
1380,R87,"Abnorme Befunde in Untersuchungsmaterialien aus den weiblichen Genitalorganen"
1381,R89,"Abnorme Befunde in Untersuchungsmaterialien aus anderen Körperorganen, -systemen und -geweben"
1382,R90,"Abnorme Befunde bei der bildgebenden Diagnostik des Zentralnervensystems"
1383,R91,"Abnorme Befunde bei der bildgebenden Diagnostik der Lunge"
1384,R92,"Abnorme Befunde bei der bildgebenden Diagnostik der Mamma [Brustdrüse]"
1385,R93,"Abnorme Befunde bei der bildgebenden Diagnostik sonstiger Körperstrukturen"
1386,R94,"Abnorme Ergebnisse von Funktionsprüfungen"
1387,R95,"Plötzlicher Kindstod"
1388,R96,"Sonstiger plötzlicher Tod unbekannter Ursache"
1389,R98,"Tod ohne Anwesenheit anderer Personen"
1390,R99,"Sonstige ungenau oder nicht näher bezeichnete Todesursachen"
1391,S00,"Oberflächliche Verletzung des Kopfes"
1392,S01,"Offene Wunde des Kopfes"
1393,S02,"Fraktur des Schädels und der Gesichtsschädelknochen"
1394,S03,"Luxation, Verstauchung und Zerrung von Gelenken und Bändern des Kopfes"
1395,S04,"Verletzung von Hirnnerven"
1396,S05,"Verletzung des Auges und der Orbita"
1397,S06,"Intrakranielle Verletzung"
1398,S07,"Zerquetschung des Kopfes"
1399,S08,"Traumatische Amputation von Teilen des Kopfes"
1400,S09,"Sonstige und nicht näher bezeichnete Verletzungen des Kopfes"
1401,S10,"Oberflächliche Verletzung des Halses"
1402,S11,"Offene Wunde des Halses"
1403,S12,"Fraktur im Bereich des Halses"
1404,S13,"Luxation, Verstauchung und Zerrung von Gelenken und Bändern in Halshöhe"
1405,S14,"Verletzung der Nerven und des Rückenmarkes in Halshöhe"
1406,S15,"Verletzung von Blutgefäßen in Halshöhe"
1407,S16,"Verletzung von Muskeln und Sehnen in Halshöhe"
1408,S17,"Zerquetschung des Halses"
1409,S18,"Traumatische Amputation in Halshöhe"
1410,S19,"Sonstige und nicht näher bezeichnete Verletzungen des Halses"
1411,S20,"Oberflächliche Verletzung des Thorax"
1412,S21,"Offene Wunde des Thorax"
1413,S22,"Fraktur der Rippe(n), des Sternums und der Brustwirbelsäule"
1414,S23,"Luxation, Verstauchung und Zerrung von Gelenken und Bändern im Bereich des Thorax"
1415,S24,"Verletzung der Nerven und des Rückenmarkes in Thoraxhöhe"
1416,S25,"Verletzung von Blutgefäßen des Thorax"
1417,S26,"Verletzung des Herzens"
1418,S27,"Verletzung sonstiger und nicht näher bezeichneter intrathorakaler Organe"
1419,S28,"Zerquetschung des Thorax und traumatische Amputation von Teilen des Thorax"
1420,S29,"Sonstige und nicht näher bezeichnete Verletzungen des Thorax"
1421,S30,"Oberflächliche Verletzung des Abdomens, der Lumbosakralgegend und des Beckens"
1422,S31,"Offene Wunde des Abdomens, der Lumbosakralgegend und des Beckens"
1423,S32,"Fraktur der Lendenwirbelsäule und des Beckens"
1424,S33,"Luxation, Verstauchung und Zerrung von Gelenken und Bändern der Lendenwirbelsäule und des Beckens"
1425,S34,"Verletzung der Nerven und des lumbalen Rückenmarkes in Höhe des Abdomens, der Lumbosakralgegend und des Beckens"
1426,S35,"Verletzung von Blutgefäßen in Höhe des Abdomens, der Lumbosakralgegend und des Beckens"
1427,S36,"Verletzung von intraabdominalen Organen"
1428,S37,"Verletzung der Harnorgane und der Beckenorgane"
1429,S38,"Zerquetschung und traumatische Amputation von Teilen des Abdomens, der Lumbosakralgegend und des Beckens"
1430,S39,"Sonstige und nicht näher bezeichnete Verletzungen des Abdomens, der Lumbosakralgegend und des Beckens"
1431,S40,"Oberflächliche Verletzung der Schulter und des Oberarmes"
1432,S41,"Offene Wunde der Schulter und des Oberarmes"
1433,S42,"Fraktur im Bereich der Schulter und des Oberarmes"
1434,S43,"Luxation, Verstauchung und Zerrung von Gelenken und Bändern des Schultergürtels"
1435,S44,"Verletzung von Nerven in Höhe der Schulter und des Oberarmes"
1436,S45,"Verletzung von Blutgefäßen in Höhe der Schulter und des Oberarmes"
1437,S46,"Verletzung von Muskeln und Sehnen in Höhe der Schulter und des Oberarmes"
1438,S47,"Zerquetschung der Schulter und des Oberarmes"
1439,S48,"Traumatische Amputation an Schulter und Oberarm"
1440,S49,"Sonstige und nicht näher bezeichnete Verletzungen der Schulter und des Oberarmes"
1441,S50,"Oberflächliche Verletzung des Unterarmes"
1442,S51,"Offene Wunde des Unterarmes"
1443,S52,"Fraktur des Unterarmes"
1444,S53,"Luxation, Verstauchung und Zerrung des Ellenbogengelenkes und von Bändern des Ellenbogens"
1445,S54,"Verletzung von Nerven in Höhe des Unterarmes"
1446,S55,"Verletzung von Blutgefäßen in Höhe des Unterarmes"
1447,S56,"Verletzung von Muskeln und Sehnen in Höhe des Unterarmes"
1448,S57,"Zerquetschung des Unterarmes"
1449,S58,"Traumatische Amputation am Unterarm"
1450,S59,"Sonstige und nicht näher bezeichnete Verletzungen des Unterarmes"
1451,S60,"Oberflächliche Verletzung des Handgelenkes und der Hand"
1452,S61,"Offene Wunde des Handgelenkes und der Hand"
1453,S62,"Fraktur im Bereich des Handgelenkes und der Hand"
1454,S63,"Luxation, Verstauchung und Zerrung von Gelenken und Bändern in Höhe des Handgelenkes und der Hand"
1455,S64,"Verletzung von Nerven in Höhe des Handgelenkes und der Hand"
1456,S65,"Verletzung von Blutgefäßen in Höhe des Handgelenkes und der Hand"
1457,S66,"Verletzung von Muskeln und Sehnen in Höhe des Handgelenkes und der Hand"
1458,S67,"Zerquetschung des Handgelenkes und der Hand"
1459,S68,"Traumatische Amputation an Handgelenk und Hand"
1460,S69,"Sonstige und nicht näher bezeichnete Verletzungen des Handgelenkes und der Hand"
1461,S70,"Oberflächliche Verletzung der Hüfte und des Oberschenkels"
1462,S71,"Offene Wunde der Hüfte und des Oberschenkels"
1463,S72,"Fraktur des Femurs"
1464,S73,"Luxation, Verstauchung und Zerrung des Hüftgelenkes und von Bändern der Hüfte"
1465,S74,"Verletzung von Nerven in Höhe der Hüfte und des Oberschenkels"
1466,S75,"Verletzung von Blutgefäßen in Höhe der Hüfte und des Oberschenkels"
1467,S76,"Verletzung von Muskeln und Sehnen in Höhe der Hüfte und des Oberschenkels"
1468,S77,"Zerquetschung der Hüfte und des Oberschenkels"
1469,S78,"Traumatische Amputation an Hüfte und Oberschenkel"
1470,S79,"Sonstige und nicht näher bezeichnete Verletzungen der Hüfte und des Oberschenkels"
1471,S80,"Oberflächliche Verletzung des Unterschenkels"
1472,S81,"Offene Wunde des Unterschenkels"
1473,S82,"Fraktur des Unterschenkels, einschließlich des oberen Sprunggelenkes"
1474,S83,"Luxation, Verstauchung und Zerrung des Kniegelenkes und von Bändern des Kniegelenkes"
1475,S84,"Verletzung von Nerven in Höhe des Unterschenkels"
1476,S85,"Verletzung von Blutgefäßen in Höhe des Unterschenkels"
1477,S86,"Verletzung von Muskeln und Sehnen in Höhe des Unterschenkels"
1478,S87,"Zerquetschung des Unterschenkels"
1479,S88,"Traumatische Amputation am Unterschenkel"
1480,S89,"Sonstige und nicht näher bezeichnete Verletzungen des Unterschenkels"
1481,S90,"Oberflächliche Verletzung der Knöchelregion und des Fußes"
1482,S91,"Offene Wunde der Knöchelregion und des Fußes"
1483,S92,"Fraktur des Fußes [ausgenommen oberes Sprunggelenk]"
1484,S93,"Luxation, Verstauchung und Zerrung der Gelenke und Bänder in Höhe des oberen Sprunggelenkes und des Fußes"
1485,S94,"Verletzung von Nerven in Höhe des Knöchels und des Fußes"
1486,S95,"Verletzung von Blutgefäßen in Höhe des Knöchels und des Fußes"
1487,S96,"Verletzung von Muskeln und Sehnen in Höhe des Knöchels und des Fußes"
1488,S97,"Zerquetschung des oberen Sprunggelenkes und des Fußes"
1489,S98,"Traumatische Amputation am oberen Sprunggelenk und Fuß"
1490,S99,"Sonstige und nicht näher bezeichnete Verletzungen der Knöchelregion und des Fußes"
1491,T00,"Oberflächliche Verletzungen mit Beteiligung mehrerer Körperregionen"
1492,T01,"Offene Wunden mit Beteiligung mehrerer Körperregionen"
1493,T02,"Frakturen mit Beteiligung mehrerer Körperregionen"
1494,T03,"Luxationen, Verstauchungen und Zerrungen mit Beteiligung mehrerer Körperregionen"
1495,T04,"Zerquetschungen mit Beteiligung mehrerer Körperregionen"
1496,T05,"Traumatische Amputationen mit Beteiligung mehrerer Körperregionen"
1497,T06,"Sonstige Verletzungen mit Beteiligung mehrerer Körperregionen, anderenorts nicht klassifiziert"
1498,T07,"Nicht näher bezeichnete multiple Verletzungen"
1499,T08,"Fraktur der Wirbelsäule, Höhe nicht näher bezeichnet"
1500,T09,"Sonstige Verletzungen der Wirbelsäule und des Rumpfes, Höhe nicht näher bezeichnet"
1501,T10,"Fraktur der oberen Extremität, Höhe nicht näher bezeichnet"
1502,T11,"Sonstige Verletzungen der oberen Extremität, Höhe nicht näher bezeichnet"
1503,T12,"Fraktur der unteren Extremität, Höhe nicht näher bezeichnet"
1504,T13,"Sonstige Verletzungen der unteren Extremität, Höhe nicht näher bezeichnet"
1505,T14,"Verletzung an einer nicht näher bezeichneten Körperregion"
1506,T15,"Fremdkörper im äußeren Auge"
1507,T16,"Fremdkörper im Ohr"
1508,T17,"Fremdkörper in den Atemwegen"
1509,T18,"Fremdkörper im Verdauungstrakt"
1510,T19,"Fremdkörper im Urogenitaltrakt"
1511,T20,"Verbrennung oder Verätzung des Kopfes und des Halses"
1512,T21,"Verbrennung oder Verätzung des Rumpfes"
1513,T22,"Verbrennung oder Verätzung der Schulter und des Armes, ausgenommen Handgelenk und Hand"
1514,T23,"Verbrennung oder Verätzung des Handgelenkes und der Hand"
1515,T24,"Verbrennung oder Verätzung der Hüfte und des Beines, ausgenommen Knöchelregion und Fuß"
1516,T25,"Verbrennung oder Verätzung der Knöchelregion und des Fußes"
1517,T26,"Verbrennung oder Verätzung, begrenzt auf das Auge und seine Anhangsgebilde"
1518,T27,"Verbrennung oder Verätzung der Atemwege"
1519,T28,"Verbrennung oder Verätzung sonstiger innerer Organe"
1520,T29,"Verbrennungen oder Verätzungen mehrerer Körperregionen"
1521,T30,"Verbrennung oder Verätzung, Körperregion nicht näher bezeichnet"
1522,T31,"Verbrennungen, klassifiziert nach dem Ausmaß der betroffenen Körperoberfläche"
1523,T32,"Verätzungen, klassifiziert nach dem Ausmaß der betroffenen Körperoberfläche"
1524,T33,"Oberflächliche Erfrierung"
1525,T34,"Erfrierung mit Gewebsnekrose"
1526,T35,"Erfrierung mit Beteiligung mehrerer Körperregionen und nicht näher bezeichnete Erfrierung"
1527,T36,"Vergiftung durch systemisch wirkende Antibiotika"
1528,T37,"Vergiftung durch sonstige systemisch wirkende Antiinfektiva und Antiparasitika"
1529,T38,"Vergiftung durch Hormone und deren synthetische Ersatzstoffe und Antagonisten, anderenorts nicht klassifiziert"
1530,T39,"Vergiftung durch nichtopioidhaltige Analgetika, Antipyretika und Antirheumatika"
1531,T40,"Vergiftung durch Betäubungsmittel und Psychodysleptika [Halluzinogene]"
1532,T41,"Vergiftung durch Anästhetika und therapeutische Gase"
1533,T42,"Vergiftung durch Antiepileptika, Sedativa, Hypnotika und Antiparkinsonmittel"
1534,T43,"Vergiftung durch psychotrope Substanzen, anderenorts nicht klassifiziert"
1535,T44,"Vergiftung durch primär auf das autonome Nervensystem wirkende Arzneimittel"
1536,T45,"Vergiftung durch primär systemisch und auf das Blut wirkende Mittel, anderenorts nicht klassifiziert"
1537,T46,"Vergiftung durch primär auf das Herz-Kreislaufsystem wirkende Mittel"
1538,T47,"Vergiftung durch primär auf den Magen-Darm-Trakt wirkende Mittel"
1539,T48,"Vergiftung durch primär auf die glatte Muskulatur, die Skelettmuskulatur und das Atmungssystem wirkende Mittel"
1540,T49,"Vergiftung durch primär auf Haut und Schleimhäute wirkende und in der Augen-, der Hals-Nasen-Ohren- und der Zahnheilkunde angewendete Mittel zur topischen Anwendung"
1541,T50,"Vergiftung durch Diuretika und sonstige und nicht näher bezeichnete Arzneimittel, Drogen und biologisch aktive Substanzen"
1542,T51,"Toxische Wirkung von Alkohol"
1543,T52,"Toxische Wirkung von organischen Lösungsmitteln"
1544,T53,"Toxische Wirkung von halogenierten aliphatischen und aromatischen Kohlenwasserstoffen"
1545,T54,"Toxische Wirkung von ätzenden Substanzen"
1546,T55,"Toxische Wirkung von Seifen und Detergenzien"
1547,T56,"Toxische Wirkung von Metallen"
1548,T57,"Toxische Wirkung von sonstigen anorganischen Substanzen"
1549,T58,"Toxische Wirkung von Kohlenmonoxid"
1550,T59,"Toxische Wirkung sonstiger Gase, Dämpfe oder sonstigen Rauches"
1551,T60,"Toxische Wirkung von Schädlingsbekämpfungsmitteln [Pestiziden]"
1552,T61,"Toxische Wirkung schädlicher Substanzen, die mit essbaren Meerestieren aufgenommen wurden"
1553,T62,"Toxische Wirkung sonstiger schädlicher Substanzen, die mit der Nahrung aufgenommen wurden"
1554,T63,"Toxische Wirkung durch Kontakt mit giftigen Tieren"
1555,T64,"Toxische Wirkung von Aflatoxin und sonstigem Mykotoxin in kontaminierten Lebensmitteln"
1556,T65,"Toxische Wirkung sonstiger und nicht näher bezeichneter Substanzen"
1557,T66,"Nicht näher bezeichnete Schäden durch Strahlung"
1558,T67,"Schäden durch Hitze und Sonnenlicht"
1559,T68,"Hypothermie"
1560,T69,"Sonstige Schäden durch niedrige Temperatur"
1561,T70,"Schäden durch Luft- und Wasserdruck"
1562,T71,"Erstickung"
1563,T73,"Schäden durch sonstigen Mangel"
1564,T74,"Missbrauch von Personen"
1565,T75,"Schäden durch sonstige äußere Ursachen"
1566,T76,"Nicht näher bezeichnete Schäden durch äußere Ursachen"
1567,T78,"Unerwünschte Nebenwirkungen, anderenorts nicht klassifiziert"
1568,T79,"Bestimmte Frühkomplikationen eines Traumas, anderenorts nicht klassifiziert"
1569,T80,"Komplikationen nach Infusion, Transfusion oder Injektion zu therapeutischen Zwecken"
1570,T81,"Komplikationen bei Eingriffen, anderenorts nicht klassifiziert"
1571,T82,"Komplikationen durch Prothesen, Implantate oder Transplantate im Herzen und in den Gefäßen"
1572,T83,"Komplikationen durch Prothesen, Implantate oder Transplantate im Urogenitaltrakt"
1573,T84,"Komplikationen durch orthopädische Endoprothesen, Implantate oder Transplantate"
1574,T85,"Komplikationen durch sonstige interne Prothesen, Implantate oder Transplantate"
1575,T86,"Versagen und Abstoßung von transplantierten Organen und Geweben"
1576,T87,"Komplikationen, die für Replantation und Amputation bezeichnend sind"
1577,T88,"Sonstige Komplikationen bei chirurgischen Eingriffen und medizinischer Behandlung, anderenorts nicht klassifiziert"
1578,T89,"Sonstige näher bezeichnete Komplikationen eines Traumas"
1579,T90,"Folgen von Verletzungen des Kopfes"
1580,T91,"Folgen von Verletzungen des Halses und des Rumpfes"
1581,T92,"Folgen von Verletzungen der oberen Extremität"
1582,T93,"Folgen von Verletzungen der unteren Extremität"
1583,T94,"Folgen von Verletzungen mehrerer oder nicht näher bezeichneter Körperregionen"
1584,T95,"Folgen von Verbrennungen, Verätzungen oder Erfrierungen"
1585,T96,"Folgen einer Vergiftung durch Arzneimittel, Drogen und biologisch aktive Substanzen"
1586,T97,"Folgen toxischer Wirkungen von vorwiegend nicht medizinisch verwendeten Substanzen"
1587,T98,"Folgen sonstiger und nicht näher bezeichneter Wirkungen äußerer Ursachen"
1588,V99,"Transportmittelunfall"
1589,W49,"Exposition gegenüber mechanischen Kräften unbelebter Objekte"
1590,W64,"Exposition gegenüber mechanischen Kräften belebter Objekte"
1591,W87,"Exposition gegenüber elektrischem Strom"
1592,W91,"Exposition gegenüber Strahlung"
1593,W92,"Exposition gegenüber übermäßiger, künstlich erzeugter Hitze"
1594,W93,"Exposition gegenüber übermäßiger, künstlich erzeugter Kälte"
1595,W94,"Exposition gegenüber hohem oder niedrigem Luftdruck oder Luftdruckwechsel"
1596,X19,"Verbrennung oder Verbrühung durch Hitze oder heiße Substanzen"
1597,X29,"Kontakt mit giftigen Tieren und Pflanzen"
1598,X49,"Akzidentelle Vergiftung durch und Exposition gegenüber schädliche(n) Substanzen"
1599,X59,"Akzidentelle Exposition gegenüber sonstigen und nicht näher bezeichneten Faktoren"
1600,X84,"Absichtliche Selbstbeschädigung"
1601,Y09,"Tätlicher Angriff"
1602,Y34,"Nicht näher bezeichnetes Ereignis, Umstände unbestimmt"
1603,Y35,"Verletzungen bei gesetzlichen Maßnahmen"
1604,Y36,"Verletzungen durch Kriegshandlungen"
1605,Y57,"Unerwünschte Nebenwirkungen bei therapeutischer Anwendung von Arzneimitteln und Drogen"
1606,Y59,"Unerwünschte Nebenwirkungen bei therapeutischer Anwendung von Impfstoffen oder biologisch aktiven Substanzen"
1607,Y69,"Zwischenfälle bei chirurgischem Eingriff und medizinischer Behandlung"
1608,Y82,"Medizintechnische Geräte und Produkte im Zusammenhang mit Zwischenfällen bei diagnostischer und therapeutischer Anwendung"
1609,Y84,"Chirurgische und sonstige medizinische Maßnahmen als Ursache einer abnormen Reaktion eines Patienten oder einer späteren Komplikation, ohne Angabe eines Zwischenfalls zum Zeitpunkt der Durchführung der Maßnahme"
1610,Z00,"Allgemeinuntersuchung und Abklärung bei Personen ohne Beschwerden oder angegebene Diagnose"
1611,Z01,"Sonstige spezielle Untersuchungen und Abklärungen bei Personen ohne Beschwerden oder angegebene Diagnose"
1612,Z02,"Untersuchung und Konsultation aus administrativen Gründen"
1613,Z03,"Ärztliche Beobachtung und Beurteilung von Verdachtsfällen, Verdacht ausgeschlossen"
1614,Z04,"Untersuchung und Beobachtung aus sonstigen Gründen"
1615,Z08,"Nachuntersuchung nach Behandlung wegen bösartiger Neubildung"
1616,Z09,"Nachuntersuchung nach Behandlung wegen anderer Krankheitszustände außer bösartigen Neubildungen"
1617,Z10,"Allgemeine Reihenuntersuchung bestimmter Bevölkerungsgruppen"
1618,Z11,"Spezielle Verfahren zur Untersuchung auf infektiöse und parasitäre Krankheiten"
1619,Z12,"Spezielle Verfahren zur Untersuchung auf Neubildungen"
1620,Z13,"Spezielle Verfahren zur Untersuchung auf sonstige Krankheiten oder Störungen"
1621,Z20,"Kontakt mit und Exposition gegenüber übertragbaren Krankheiten"
1622,Z21,"Asymptomatische HIV-Infektion [Humane Immundefizienz-Virusinfektion]"
1623,Z22,"Keimträger von Infektionskrankheiten"
1624,Z23,"Notwendigkeit der Impfung [Immunisierung] gegen einzelne bakterielle Krankheiten"
1625,Z24,"Notwendigkeit der Impfung [Immunisierung] gegen bestimmte einzelne Viruskrankheiten"
1626,Z25,"Notwendigkeit der Impfung [Immunisierung] gegen andere einzelne Viruskrankheiten"
1627,Z26,"Notwendigkeit der Impfung [Immunisierung] gegen andere einzelne Infektionskrankheiten"
1628,Z27,"Notwendigkeit der Impfung [Immunisierung] gegen Kombinationen von Infektionskrankheiten"
1629,Z28,"Nicht durchgeführte Impfung [Immunisierung]"
1630,Z29,"Notwendigkeit von anderen prophylaktischen Maßnahmen"
1631,Z30,"Kontrazeptive Maßnahmen"
1632,Z31,"Fertilisationsfördernde Maßnahmen"
1633,Z32,"Untersuchung und Test zur Feststellung einer Schwangerschaft"
1634,Z33,"Schwangerschaftsfeststellung als Nebenbefund"
1635,Z34,"Überwachung einer normalen Schwangerschaft"
1636,Z35,"Überwachung einer Risikoschwangerschaft"
1637,Z36,"Pränatales Screening"
1638,Z37,"Resultat der Entbindung"
1639,Z38,"Lebendgeborene nach dem Geburtsort"
1640,Z39,"Postpartale Betreuung und Untersuchung der Mutter"
1641,Z40,"Prophylaktische Operation"
1642,Z41,"Maßnahmen aus anderen Gründen als der Wiederherstellung des Gesundheitszustandes"
1643,Z42,"Nachbehandlung unter Anwendung plastischer Chirurgie"
1644,Z43,"Versorgung künstlicher Körperöffnungen"
1645,Z44,"Versorgen mit und Anpassen einer Ektoprothese"
1646,Z45,"Anpassung und Handhabung eines implantierten medizinischen Gerätes"
1647,Z46,"Versorgen mit und Anpassen von anderen medizinischen Geräten oder Hilfsmitteln"
1648,Z47,"Andere orthopädische Nachbehandlung"
1649,Z48,"Andere Nachbehandlung nach chirurgischem Eingriff"
1650,Z49,"Dialysebehandlung"
1651,Z50,"Rehabilitationsmaßnahmen"
1652,Z51,"Sonstige medizinische Behandlung"
1653,Z52,"Spender von Organen oder Geweben"
1654,Z53,"Personen, die Einrichtungen des Gesundheitswesens wegen spezifischer Maßnahmen aufgesucht haben, die aber nicht durchgeführt wurden"
1655,Z54,"Rekonvaleszenz"
1656,Z55,"Kontaktanlässe mit Bezug auf die Ausbildung"
1657,Z56,"Kontaktanlässe mit Bezug auf das Berufsleben"
1658,Z57,"Berufliche Exposition gegenüber Risikofaktoren"
1659,Z58,"Kontaktanlässe mit Bezug auf die physikalische Umwelt"
1660,Z59,"Kontaktanlässe mit Bezug auf das Wohnumfeld oder die wirtschaftliche Lage"
1661,Z60,"Kontaktanlässe mit Bezug auf die soziale Umgebung"
1662,Z61,"Kontaktanlässe mit Bezug auf Kindheitserlebnisse"
1663,Z62,"Andere Kontaktanlässe mit Bezug auf die Erziehung"
1664,Z63,"Andere Kontaktanlässe mit Bezug auf den engeren Familienkreis"
1665,Z64,"Kontaktanlässe mit Bezug auf bestimmte psychosoziale Umstände"
1666,Z65,"Kontaktanlässe mit Bezug auf andere psychosoziale Umstände"
1667,Z70,"Beratung in Bezug auf Sexualeinstellung, -verhalten oder -orientierung"
1668,Z71,"Personen, die das Gesundheitswesen zum Zwecke anderer Beratung oder ärztlicher Konsultation in Anspruch nehmen, anderenorts nicht klassifiziert"
1669,Z72,"Probleme mit Bezug auf die Lebensführung"
1670,Z73,"Probleme mit Bezug auf Schwierigkeiten bei der Lebensbewältigung"
1671,Z74,"Probleme mit Bezug auf Pflegebedürftigkeit"
1672,Z75,"Probleme mit Bezug auf medizinische Betreuungsmöglichkeiten oder andere Gesundheitsversorgung"
1673,Z76,"Personen, die das Gesundheitswesen aus sonstigen Gründen in Anspruch nehmen"
1674,Z80,"Bösartige Neubildung in der Familienanamnese"
1675,Z81,"Psychische Krankheiten oder Verhaltensstörungen in der Familienanamnese"
1676,Z82,"Bestimmte Behinderungen oder chronische Krankheiten in der Familienanamnese, die zu Schädigung oder Behinderung führen"
1677,Z83,"Andere spezifische Krankheiten in der Familienanamnese"
1678,Z84,"Andere Krankheiten oder Zustände in der Familienanamnese"
1679,Z85,"Bösartige Neubildung in der Eigenanamnese"
1680,Z86,"Bestimmte andere Krankheiten in der Eigenanamnese"
1681,Z87,"Andere Krankheiten oder Zustände in der Eigenanamnese"
1682,Z88,"Allergie gegenüber Arzneimitteln, Drogen oder biologisch aktiven Substanzen in der Eigenanamnese"
1683,Z89,"Extremitätenverlust"
1684,Z90,"Verlust von Organen, anderenorts nicht klassifiziert"
1685,Z91,"Risikofaktoren in der Eigenanamnese, anderenorts nicht klassifiziert"
1686,Z92,"Medizinische Behandlung in der Eigenanamnese"
1687,Z93,"Vorhandensein einer künstlichen Körperöffnung"
1688,Z94,"Zustand nach Organ- oder Gewebetransplantation"
1689,Z95,"Vorhandensein von kardialen oder vaskulären Implantaten oder Transplantaten"
1690,Z96,"Vorhandensein von anderen funktionellen Implantaten"
1691,Z97,"Vorhandensein anderer medizinischer Geräte oder Hilfsmittel"
1692,Z98,"Sonstige Zustände nach chirurgischem Eingriff"
1693,Z99,"Abhängigkeit (langzeitig) von unterstützenden Apparaten, medizinischen Geräten oder Hilfsmitteln, anderenorts nicht klassifiziert"
1694,U04,"Schweres akutes respiratorisches Syndrom [SARS]"
1695,U07,"Nicht belegte Schlüsselnummer U07"
1696,U50,"Motorische Funktionseinschränkung"
1697,U51,"Kognitive Funktionseinschränkung"
1698,U52,"Frührehabilitations-Barthel-Index [FRB]"
1699,U55,"Erfolgte Registrierung zur Organtransplantation"
1700,U60,"Klinische Kategorien der HIV-Krankheit"
1701,U61,"Anzahl der T-Helferzellen bei HIV-Krankheit"
1702,U69,"Sonstige sekundäre Schlüsselnummern für besondere Zwecke"
1703,U80,"Grampositive Erreger mit bestimmten Antibiotikaresistenzen, die besondere therapeutische oder hygienische Maßnahmen erfordern"
1704,U81,"Gramnegative Erreger mit bestimmten Antibiotikaresistenzen, die besondere therapeutische oder hygienische Maßnahmen erfordern"
1705,U82,"Mykobakterien mit Resistenz gegen Antituberkulotika (Erstrangmedikamente)"
1706,U83,"Candida mit Resistenz gegen Fluconazol oder Voriconazol"
1707,U84,"Herpesviren mit Resistenz gegen Virustatika"
1708,U85,"Humanes Immundefizienz-Virus mit Resistenz gegen Virustatika oder Proteinaseinhibitoren"
1709,U99,"Nicht belegte Schlüsselnummer U99"
